,Name,Price,OneH,TwentyfourH,SevenD,MarketCap,Volume,CirculatingSupply
0,Bitcoin1BTC,$27992.29,0.28%,2.12%,2.50%,$541.43B$541426059990,$15738225691562818 BTC,19362043 BTC
1,Ethereum2ETH,$1830.10,0.28%,1.05%,0.89%,$220.07B$220067595885,$71436768823907980 ETH,120388950 ETH
2,Tether3USDT,$1.00,0.02%,0.01%,0.01%,$81.82B$81823405284,$2460495922424598281344 USDT,81801198099 USDT
3,BNB4BNB,$323.70,0.03%,3.30%,1.84%,$50.43B$50431187904,$7348055462270677 BNB,155841178 BNB
4,USD Coin5USDC,$1.00,0.01%,0.01%,0.00%,$30.38B$30377718682,$29767881992976556556 USDC,30375354799 USDC
5,XRP6XRP,$0.4631,0.14%,0.44%,1.48%,$23.96B$23964436984,$8870248881915515763 XRP,51750810378 XRP
6,Cardano7ADA,$0.3859,0.29%,1.28%,1.44%,$13.43B$13433148872,$223484815579143409 ADA,34810954140 ADA
7,Dogecoin8DOGE,$0.07822,0.52%,0.92%,0.39%,$10.89B$10885912360,$2632046473365067225 DOGE,139176216384 DOGE
8,Polygon9MATIC,$0.9576,0.47%,2.61%,0.90%,$8.86B$8857236371,$348008629363419797 MATIC,9249469069 MATIC
9,Solana10SOL,$21.83,0.55%,2.28%,4.16%,$8.59B$8585063734,$30507239313973753 SOL,393236380 SOL
10,Basic Attention Token101BAT,$0.2354,0.42%,2.40%,3.06%,$350.43M$350431062,$1305790455469387 BAT,1488615298 BAT
11,Oasis Network102ROSE,$0.05888,0.30%,2.44%,3.84%,$337.11M$337107893,$17025857289181206 ROSE,5725718533 ROSE
12,Mask Network103MASK,$4.44,0.86%,1.75%,4.89%,$328.94M$328941040,$5437464812259218 MASK,74162500 MASK
13,Ethereum Name Service104ENS,$11.60,0.54%,1.37%,2.73%,$328.69M$328692189,$10222198881317 ENS,28338517 ENS
14,Solar105SXP,$0.5782,1.69%,7.50%,8.90%,$325.57M$325572420,$84737465146546355 SXP,563050255 SXP
15,Terra106LUNA,$1.22,0.54%,2.45%,1.74%,$321.87M$321868838,$2204025718051905 LUNA,263624215 LUNA
16,NEM107XEM,$0.03541,0.43%,3.37%,1.79%,$318.69M$318693815,$10663112301129194 XEM,8999999999 XEM
17,Holo108HOT,$0.001816,0.46%,1.53%,1.67%,$315.05M$315049848,$171614819449164245 HOT,173467411324 HOT
18,FLOKI109FLOKI,$0.0000315,0.58%,4.30%,20.75%,$305.90M$305899537,$22317189708498705996 FLOKI,9711322724635 FLOKI
19,EthereumPoW110ETHW,$2.81,0.64%,1.23%,5.20%,$302.99M$302989126,$50646611802265 ETHW,107818999 ETHW
20,Lido Staked ETH201stETH,$1823.47,0.46%,1.34%,0.50%,$11.35B$11345009693,$2030316711134 STETH,6221674 stETH
21,HEX202HEX,$0.05042,0.16%,2.85%,12.14%,$8.74B$8742609265,$6727077133432666 HEX,173411074413 HEX
22,Wrapped TRON203WTRX,$0.0682,0.04%,0.37%,3.70%,$6.93B$6934069869,$163587523987263 WTRX,101676082428 WTRX
23,Cryptonex204CNX,$20.43,0.22%,2.19%,2.35%,$2.19B$2194114376,$3813175186661 CNX,107405302 CNX
24,Bitcoin BEP2205BTCB,$28027.06,0.16%,2.10%,2.42%,$1.49B$1491534503,$24461750873 BTCB,53218 BTCB
25,Frax206FRAX,$0.9984,0.08%,0.13%,0.08%,$1.00B$1002561967,$40176884024017 FRAX,1004141409 FRAX
26,Radix207XRD,$0.09683,0.64%,3.90%,8.48%,$983.86M$983859641,$11838134122258672 XRD,10160839290 XRD
27,Wrapped BNB208WBNB,$323.94,0.03%,3.18%,1.85%,$783.28M$783282083,$164778763508673 WBNB,2417998 WBNB
28,BitTorrent209BTTOLD,$0.000672,0.00%,4.81%,7.35%,$665.27M$665274486,$152378226755137 BTTOLD,990000000000 BTTOLD
29,TNC Coin210TNC,$0.1038,0.77%,1.98%,2.97%,$607.26M$607260374,$72773701197 TNC,5851183164 TNC
30,NYM301NYM,$0.2084,0.42%,5.43%,10.02%,$82.39M$82385508,$15112547251331 NYM,395303814 NYM
31,USDX [Kava]302USDX,$0.7332,0.15%,1.80%,10.91%,$81.80M$81797785,$10759891467584 USDX,111567264 USDX
32,Marlin303POND,$0.01009,0.18%,1.55%,3.66%,$81.58M$81582508,$4677946463730604 POND,8087375977 POND
33,Powerledger304POWR,$0.1693,0.05%,2.39%,0.58%,$80.59M$80593900,$200573911849020 POWR,476113273 POWR
34,Energy Web Token305EWT,$2.65,0.11%,0.46%,1.93%,$79.70M$79704270,$931305351261 EWT,30062138 EWT
35,NKN306NKN,$0.105,0.70%,3.79%,0.85%,$79.28M$79277835,$316918930174933 NKN,754831362 NKN
36,Augur307REP,$7.18,0.35%,1.49%,0.19%,$79.02M$79023023,$1850138257539 REP,11000000 REP
37,WINkLink308WIN,$0.00008143,0.38%,2.98%,5.79%,$78.31M$78310061,$665472881727691970 WIN,961737300000 WIN
38,Wilder World309WILD,$0.312,0.08%,4.37%,4.94%,$78.06M$78064802,$10857123479755 WILD,250201212 WILD
39,ASD310ASD,$0.1179,0.57%,10.02%,56.41%,$77.89M$77886737,$456815538745914 ASD,660615274 ASD
40,ARPA401ARPA,$0.03891,0.27%,1.21%,1.22%,$48.36M$48363225,$6107006156944241 ARPA,1242888889 ARPA
41,Aavegotchi402GHST,$1.07,0.83%,2.26%,1.81%,$48.32M$48322217,$16494851539369 GHST,45096312 GHST
42,Meter Governance403MTRG,$2.80,0.24%,2.15%,4.82%,$47.72M$47719525,$515603184472 MTRG,17073046 MTRG
43,Strike404STRK,$12.91,0.48%,1.11%,0.42%,$47.66M$47659658,$2178985168773 STRK,3691480 STRK
44,Cobak Token405CBK,$0.6429,0.13%,3.04%,6.01%,$47.58M$47582229,$11453991781594 CBK,74011105 CBK
45,Klever406KLV,$0.005328,0.16%,0.83%,2.49%,$47.32M$47317620,$1604890301212946 KLV,8880780407 KLV
46,Ampleforth407AMPL,$1.02,0.65%,1.46%,5.29%,$47.15M$47153039,$158566154793 AMPL,46031113 AMPL
47,AllianceBlock Nexera408NXRA,$0.07153,0.04%,6.91%,8.02%,$47.00M$46995947,$120420316834689 NXRA,657000804 NXRA
48,TABOO TOKEN409TABOO,$0.004791,3.22%,7.81%,11.31%,$46.87M$46871926,$1002916209319453 TABOO,9782678080 TABOO
49,XCAD Network410XCAD,$1.12,0.03%,3.60%,9.53%,$46.37M$46367480,$34414473065709 XCAD,41305066 XCAD
50,Alpine F1 Team Fan Token501ALPINE,$2.86,0.31%,3.88%,6.35%,$32.54M$32539233,$104622883652563 ALPINE,11360000 ALPINE
51,TokenPocket502TPT,$0.009346,0.17%,0.46%,3.43%,$32.40M$32399102,$13759814721983 TPT,3466457400 TPT
52,Nexa503NEXA,$0.00001432,1.97%,2.46%,10.93%,$32.25M$32247270,$74189151793913856 NEXA,2251290000000 NEXA
53,Altura504ALU,$0.04457,2.11%,1.93%,32.93%,$32.08M$32079963,$65628814724667 ALU,719755021 ALU
54,Bitcicoin505BITCI,$0.004161,0.30%,3.93%,15.40%,$32.08M$32077241,$27491366067427 BITCI,7708828412 BITCI
55,NEOPIN506NPT,$0.9928,0.12%,1.49%,0.42%,$32.02M$32021573,$14256501435929 NPT,32252439 NPT
56,RAMP507RAMP,$0.06679,0.09%,0.11%,3.60%,$31.92M$31916236,$390158408 RAMP,477838740 RAMP
57,Travala.com508AVA,$0.6078,0.37%,1.56%,1.26%,$31.76M$31763853,$11041941816762 AVA,52262009 AVA
58,Gelato509GEL,$0.2882,2.56%,0.09%,3.48%,$31.69M$31686791,$276792gel960349,109939712 GEL
59,Groestlcoin510GRS,$0.3835,0.49%,4.64%,0.71%,$31.62M$31621162,$11828313084614 GRS,82462364 GRS
60,Nine Chronicles601WNCG,$0.08884,0.35%,0.61%,2.44%,$22.40M$22400214,$5183985835177 WNCG,252140696 WNCG
61,MarsDAO602MDAO,$0.3143,0.89%,7.27%,5.19%,$22.19M$22189319,$13223854207388 MDAO,70599020 MDAO
62,TerraKRW603KRT,$0.0005766,1.52%,5.30%,3.13%,$22.11M$22112742,--,38349366273 KRT
63,Boson Protocol604BOSON,$0.191,1.96%,0.90%,0.16%,$21.86M$21857268,$170790894187 BOSON,114435756 BOSON
64,MANTRA605OM,$0.03243,0.62%,1.89%,3.62%,$21.64M$21641367,$199996561667458 OM,667295750 OM
65,Kava Lend606HARD,$0.1602,0.35%,2.92%,4.89%,$21.59M$21588330,$10274156414903 HARD,134791668 HARD
66,Yield App607YLD,$0.09718,3.77%,0.87%,3.25%,$21.57M$21571315,$3308243404271 YLD,221975131 YLD
67,Rarible608RARI,$1.49,0.53%,2.89%,2.33%,$21.54M$21535528,$340239228153 RARI,14441025 RARI
68,FC Porto Fan Token609PORTO,$2.75,1.03%,1.81%,1.82%,$21.41M$21414562,$46889621707899 PORTO,7800000 PORTO
69,AIOZ Network610AIOZ,$0.02255,0.50%,8.15%,1.83%,$21.41M$21407096,$57396025451055 AIOZ,949253137 AIOZ
70,CENNZnet701CENNZ,$0.01224,0.40%,0.68%,11.81%,$14.69M$14686549,$65949053885222 CENNZ,1200000000 CENNZ
71,Student Coin702STC,$0.002748,19.44%,4.82%,3.43%,$14.63M$14628136,$4640416884950 STC,5322747502 STC
72,Hydra703HYDRA,$1.69,0.35%,1.09%,0.30%,$14.51M$14505662,$8287249171 HYDRA,8606762 HYDRA
73,Diamond704DMD,$3.85,0.06%,1.12%,2.60%,$14.43M$14429055,$74541938 DMD,3751911 DMD
74,Velo705VELO,$0.002887,2.60%,9.09%,29.27%,$14.39M$14388665,$76551772651710817 VELO,4984154058 VELO
75,Sperax706SPA,$0.009404,1.79%,6.63%,12.23%,$14.34M$14335597,$4310463458379868 SPA,1524464808 SPA
76,Viberate707VIB,$0.07138,0.79%,3.63%,11.58%,$14.25M$14250365,$297271541645107 VIB,199635000 VIB
77,UniCrypt708UNCX,$305.65,0.46%,0.18%,0.15%,$14.18M$14184247,$90214295 UNCX,46407 UNCX
78,Sovryn709SOV,$0.526,0.49%,6.09%,13.16%,$14.03M$14033611,$203885387586 SOV,26677904 SOV
79,RFOX710RFOX,$0.01069,1.21%,4.34%,10.45%,$14.02M$14019536,$20242118943289 RFOX,1312000760 RFOX
80,RIZON801ATOLO,$0.004398,0.05%,0.80%,0.63%,$9.38M$9382668,$29923868042235 ATOLO,2133478311 ATOLO
81,RocketX exchange802RVF,$0.1251,1.69%,12.99%,16.88%,$9.38M$9380850,$2905712322315 RVF,74974047 RVF
82,Zynecoin803ZYN,$0.2865,0.03%,1.79%,23.84%,$9.37M$9373779,$2687193777 ZYN,32713186 ZYN
83,Counterparty804XCP,$3.58,0.04%,4.13%,4.14%,$9.35M$9354651,$1441403 XCP,2613892 XCP
84,K21805K21,$0.5214,3.46%,4.44%,4.94%,$9.34M$9344052,$3072458926 K21,17921197 K21
85,Aurox806URUS,$17.90,0.34%,0.83%,5.98%,$9.34M$9340621,$18520410349 URUS,521929 URUS
86,Civilization807CIV,$0.03095,0.12%,0.73%,2.18%,$9.28M$9284113,$4143133868 CIV,300000000 CIV
87,DerivaDAO808DDX,$0.3557,0.17%,0.94%,0.99%,$9.28M$9281905,$1900953441 DDX,26094664 DDX
88,Lossless809LSS,$0.1646,0.05%,3.67%,3.89%,$9.15M$9149118,$74573452967 LSS,55572672 LSS
89,PRIZM810PZM,$0.00276,0.22%,15.28%,20.87%,$9.14M$9139673,$7651827721507 PZM,3311198428 PZM
90,MASQ901MASQ,$0.195,0.06%,5.26%,4.32%,$6.71M$6705239,$96276493633 MASQ,34379475 MASQ
91,Dfyn Network902DFYN,$0.035,0.17%,6.95%,5.20%,$6.65M$6645176,$2787797966170 DFYN,189887239 DFYN
92,dHedge DAO903DHT,$0.1599,0.34%,1.21%,3.55%,$6.62M$6619506,$18064112991 DHT,41405466 DHT
93,Oraichain904ORAI,$3.24,0.62%,4.65%,11.20%,$6.62M$6617463,$515118159142 ORAI,2044424 ORAI
94,AS Roma Fan Token905ASR,$2.91,1.25%,2.00%,4.35%,$6.62M$6617106,$2543704875262 ASR,2276878 ASR
95,ApeSwap906BANANA,$0.03233,0.12%,9.27%,11.12%,$6.59M$6593469,$1765085459560 BANANA,203941928 BANANA
96,Apollo Currency907APL,$0.0003114,2.22%,13.17%,5.99%,$6.59M$6591135,$5199361669589059 APL,21165096531 APL
97,IMPT908IMPT,$0.004983,0.10%,8.49%,21.84%,$6.59M$6587244,$1558002312652455 IMPT,1321897017 IMPT
98,Nexus909NXS,$0.08802,1.60%,11.82%,2.81%,$6.52M$6520995,$10961124524 NXS,74084647 NXS
99,Inflation Hedging Coin910IHC,$0.00005437,0.03%,4.04%,8.57%,$6.51M$6505455,$34884641563120 IHC,119642987723 IHC
100,Xaya1001CHI,$0.08459,0.29%,2.29%,3.58%,$4.47M$4474228,$9448111695 CHI,52894048 CHI
101,Forj(Bondly)1002BONDLY,$0.005672,0.00%,1.54%,4.59%,$4.47M$4471514,$10212018002870 BONDLY,788287426 BONDLY
102,Solanium1003SLIM,$0.04463,0.88%,5.18%,3.80%,$4.46M$4463299,$66671814937782 SLIM,100000000 SLIM
103,Oxbull.tech1004OXB,$0.6149,0.00%,4.73%,6.66%,$4.46M$4459888,$1079017547 OXB,7252785 OXB
104,LABEL Foundation1005LBL,$0.003902,0.09%,0.96%,1.24%,$4.45M$4453404,$580347148737987 LBL,1141369062 LBL
105,POA Network1006POA,$0.01505,0.61%,1.80%,2.59%,$4.44M$4439044,$161078 POA,294965004 POA
106,Modefi1007MOD,$0.2769,0.50%,2.30%,3.02%,$4.40M$4404638,$445016070 MOD,15906410 MOD
107,SwftCoin1008SWFTC,$0.001096,0.89%,3.18%,6.69%,$4.39M$4390306,$19048771737699410 SWFTC,4004999999 SWFTC
108,DogeBonk1009DOBO,$0.00000000746,1.00%,4.51%,0.47%,$4.35M$4348840,$81021086053925707 DOBO,582959739166037 DOBO
109,Venus LINK1010vLINK,$0.1397,0.58%,1.81%,1.89%,$4.32M$4317905,$21058150730 VLINK,30907312 vLINK
110,Decubate1101DCB,$0.01294,0.01%,0.52%,7.20%,$3.21M$3211558,$468783622284 DCB,248156646 DCB
111,DigitalBits1102XDB,$0.001049,2.43%,13.42%,21.70%,$3.21M$3205569,$20415691946707198 XDB,3056622217 XDB
112,LABS Group1103LABS,$0.001434,12.75%,9.37%,2.15%,$3.18M$3179010,$453870316505867 LABS,2216879594 LABS
113,Taraxa1104TARA,$0.001072,0.20%,7.38%,12.74%,$3.16M$3159366,$219899205145123 TARA,2947386383 TARA
114,Metaverse.Network Pioneer1105NEER,$0.1619,0.16%,2.34%,4.27%,$3.15M$3149832,$54387335890 NEER,19453215 NEER
115,1irstcoin1106FST,$0.06415,1.45%,2.30%,4.44%,$3.12M$3122849,$40930638060 FST,48681740 FST
116,Mint Club1107MINT,$0.00000299,0.10%,3.13%,0.32%,$3.11M$3113763,$137224588995825 MINT,1041314412631 MINT
117,NerveNetwork1108NVT,$0.01119,0.02%,2.27%,3.53%,$3.10M$3099364,$402633598194 NVT,276983684 NVT
118,Nxt1109NXT,$0.003087,3.20%,2.43%,3.17%,$3.08M$3084348,$529171435 NXT,998999942 NXT
119,Footballcoin (XFC)1110XFC,$0.008224,0.11%,0.06%,0.27%,$3.08M$3081244,$8611610471141 XFC,374660526 XFC
120,Platypus Finance1201PTP,$0.05605,0.56%,3.10%,4.60%,$2.32M$2322456,$1562332787456 PTP,41436585 PTP
121,Green Satoshi Token (BSC)1202GST,$0.01834,0.32%,2.95%,3.98%,$2.32M$2318776,$531392897056 GST,126414979 GST
122,Degenerator Meme1203MEME,$82.36,0.46%,64.55%,62.71%,$2.31M$2305941,$832031010 MEME,28000 MEME
123,MAPS1204MAPS,$0.05022,0.24%,3.78%,0.32%,$2.28M$2284967,$2604405185703 MAPS,45496728 MAPS
124,Mithril1205MITH,$0.00228,0.55%,1.61%,10.07%,$2.28M$2280304,$13389558718111 MITH,1000000000 MITH
125,Neighbourhoods1206NHT,$0.0002855,0.03%,0.82%,4.21%,$2.28M$2276278,$117253410686377 NHT,7972813374 NHT
126,Dragonchain1207DRGN,$0.006139,0.47%,2.12%,3.05%,$2.28M$2276243,$18859130719211 DRGN,370772651 DRGN
127,iMe Lab1208LIME,$0.00922,0.00%,3.93%,3.27%,$2.27M$2273277,$41511645025302 LIME,246569585 LIME
128,GÃ¶ztepe S.K. Fan Token1209GOZ,$1.04,0.45%,1.32%,0.94%,$2.27M$2266891,$141588136609 GOZ,2187179 GOZ
129,FEAR1210FEAR,$0.1352,0.12%,1.53%,0.05%,$2.22M$2221675,$3801182810951 FEAR,16429154 FEAR
130,ALLY1301ALY,$0.0007379,0.24%,0.03%,8.81%,$1.70M$1697130,$1087914742931 ALY,2300000000 ALY
131,Hiblocks1302HIBS,$0.0001681,0.71%,1.67%,2.58%,$1.70M$1695233,$34871207479164 HIBS,10086444804 HIBS
132,EXRNchain1303EXRN,$0.00001828,0.44%,1.24%,0.45%,$1.69M$1691296,--,92500000000 EXRN
133,NFT Art Finance1304NFTART,$0.0...06606,0.03%,12.46%,12.97%,$1.67M$1670114,$1049351588511664521076 NFTART,25282174668987600 NFTART
134,Seascape Crowns1305CWS,$0.3546,3.20%,7.33%,4.51%,$1.67M$1667908,$4177981178194 CWS,4703513 CWS
135,BlockWallet1306BLANK,$0.08557,0.25%,7.82%,5.49%,$1.66M$1659552,$919931075101 BLANK,19394814 BLANK
136,GHOSTPRISM1307GHOST,$0.3065,0.37%,2.22%,2.32%,$1.65M$1654089,--,5397347 GHOST
137,CloakCoin1308CLOAK,$0.276,0.73%,1.71%,5.14%,$1.65M$1645007,$8102937 CLOAK,5960339 CLOAK
138,Birake1309BIR,$0.009459,0.37%,4.12%,7.86%,$1.64M$1638058,$1211128024 BIR,173169403 BIR
139,Ojamu1310OJA,$0.01713,0.46%,6.30%,7.52%,$1.63M$1634786,$180491053721 OJA,95441017 OJA
140,Patron1401PAT,$0.003095,0.04%,1.73%,2.42%,$1.22M$1219098,--,393938955 PAT
141,Solrise Finance1402SLRS,$0.01035,6.03%,1.11%,13.12%,$1.22M$1217262,$137751331032 SLRS,117617471 SLRS
142,DEEPSPACE1403DPS,$0.0229,0.03%,5.03%,6.99%,$1.21M$1211297,$4297187632 DPS,52893498 DPS
143,Public Mint1404MINT,$0.01152,0.46%,3.90%,7.08%,$1.21M$1208726,$110595915 MINT,104916159 MINT
144,KamPay1405KAMPAY,$0.002931,0.00%,3.78%,16.29%,$1.20M$1199204,$84322876483 KAMPAY,409090982 KAMPAY
145,IQeon1406IQN,$0.2183,0.35%,0.53%,2.49%,$1.20M$1199041,$42252193522 IQN,5491860 IQN
146,TenUp1407TUP,$0.03784,22.07%,85.45%,61.02%,$1.19M$1193004,$4121695108911874 TUP,31524012 TUP
147,FreshCut Diamond1408FCD,$0.02221,0.08%,0.01%,0.60%,$1.19M$1191420,$1805288130045 FCD,53655390 FCD
148,Aurigami1409PLY,$0.000422,0.98%,6.79%,16.11%,$1.19M$1191318,$138088327184087 PLY,2822701822 PLY
149,Phoenixcoin1410PXC,$0.01343,0.37%,9.15%,16.93%,$1.19M$1188177,$14110484 PXC,88445450 PXC
150,Cajutel1501CAJ,$0.678,18.97%,32.60%,1.06%,$916898.83$916899,$31614662 CAJ,1352389 CAJ
151,Wagerr1502WGR,$0.004218,0.01%,8.40%,3.07%,$914395.42$914395,$519123021 WGR,216761204 WGR
152,PlayFuel1503PLF,$0.001828,0.44%,1.24%,0.45%,$914214.23$914214,--,500000000 PLF
153,Education Ecosystem1504LEDU,$0.003858,0.37%,2.17%,2.21%,$913178.74$913179,--,236710413 LEDU
154,Lamden1505TAU,$0.00641,0.33%,4.19%,29.75%,$911632.88$911633,$22034310 TAU,142215728 TAU
155,Gather1506GTH,$0.00451,0.08%,3.96%,7.22%,$900815.90$900816,$17807139485318 GTH,199746653 GTH
156,OceanEx Token1507OCE,$0.0005033,0.26%,5.75%,9.94%,$899844.11$899844,$30446047624 OCE,1788038022 OCE
157,blockbank1508BBANK,$0.00424,0.36%,7.82%,10.39%,$897048.12$897048,$7911418658385 BBANK,211561980 BBANK
158,Opacity1509OPCT,$0.01106,0.48%,6.82%,8.87%,$889862.70$889863,$569315147388 OPCT,80456100 OPCT
159,Moeda Loyalty Points1510MDA,$0.04533,1.54%,3.23%,0.12%,$889818.01$889818,$39956881409 MDA,19628888 MDA
160,PlanetWatch1601PLANETS,$0.002105,0.30%,6.99%,10.79%,$671952.28$671952,$9624345724965 PLANETS,319244116 PLANETS
161,BlueMove1602MOVE,$0.1216,0.71%,7.93%,20.25%,$668963.64$668964,$63122518970 MOVE,5500000 MOVE
162,APIX1603APIX,$0.00507,1.76%,13.51%,18.18%,$659538.20$659538,$26054051389691 APIX,130089490 APIX
163,Ixcoin1604IXC,$0.03079,0.37%,18.19%,14.26%,$656688.91$656689,$31999 IXC,21330578 IXC
164,Decentr1605DEC,$0.00602,7.86%,0.16%,16.39%,$654765.76$654766,$17928129781566 DEC,108767633 DEC
165,Raze Network1606RAZE,$0.005513,0.09%,5.42%,13.23%,$654343.78$654344,$163012956898 RAZE,118690910 RAZE
166,Unicly Hashmasks Collection1607UMASK,$0.006516,0.42%,1.14%,0.51%,$651642.84$651643,--,100000000 UMASK
167,HTMLCOIN1608HTML,$0.00001227,0.21%,4.48%,22.65%,$650972.91$650973,$24519952691 HTML,53067332240 HTML
168,Young Boys Fan Token1609YBO,$0.4688,0.21%,2.17%,5.18%,$647022.46$647022,$2182646555 YBO,1380111 YBO
169,Archimedes Finance1610ARCH,$7.41,1.62%,8.83%,19.78%,$643777.42$643777,$9024012186 ARCH,86932 ARCH
170,Carbon1701CRBN,$0.01464,0.02%,4.29%,6.50%,$467921.56$467922,$11507785888 CRBN,31956488 CRBN
171,Wings1702WINGS,$0.004649,0.57%,1.84%,2.47%,$464928.87$464929,$8117400 WINGS,99999994 WINGS
172,NIX1703NIX,$0.009362,0.39%,1.70%,1.56%,$460981.15$460981,--,49238466 NIX
173,Hot Cross1704HOTCROSS,$0.004035,0.26%,0.76%,4.59%,$459020.76$459021,$31197177309648 HOTCROSS,113749999 HOTCROSS
174,Rainbow Token1705RAINBOW,$0.0...00531,0.00%,17.75%,11.35%,$456904.03$456904,$199375340252295 RAINBOW,860397837230263 RAINBOW
175,Woodcoin1706LOG,$0.05683,0.86%,2.19%,4.50%,$456607.75$456608,--,8035193 LOG
176,ONSTON1707ONSTON,$0.004684,0.31%,12.22%,21.20%,$456220.21$456220,$673531143806864 ONSTON,97408363 ONSTON
177,Naka Bodhi Token1708NBOT,$0.006507,0.00%,1.45%,1.49%,$455464.25$455464,$118821826205 NBOT,70000000 NBOT
178,Gemie1709GEM,$0.003851,4.46%,14.07%,17.53%,$452907.20$452907,$350519102001 GEM,117610532 GEM
179,Link Machine Learning1710LML,$0.00377,0.13%,0.21%,1.78%,$452353.90$452354,$5815393 LML,120000000 LML
180,MoneySwap1801MSWAP,$0.0002446,0.03%,4.39%,0.01%,$329759.73$329760,$217142887817148 MSWAP,1348271983 MSWAP
181,Ravencoin Classic1802RVC,$0.00002636,0.08%,1.35%,7.78%,$329150.92$329151,$11735445162573 RVC,12486103416 RVC
182,dAppstore1803DAPPX,$0.002031,0.66%,3.23%,11.23%,$329094.75$329095,$8856243606047 DAPPX,162039632 DAPPX
183,X8X Token1804X8X,$0.003986,0.61%,1.80%,2.59%,$328915.53$328916,$19448658 X8X,82522341 X8X
184,Helmet.insure1805HELMET,$0.007628,0.58%,2.56%,4.59%,$327932.70$327933,$438485748489 HELMET,42992573 HELMET
185,Alliance Fan Token1806ALL,$0.2577,1.91%,9.04%,6.08%,$327604.35$327604,$12829all49791,1271450 ALL
186,Professional Fighters League Fan Token1807PFL,$0.2464,0.98%,1.48%,12.44%,$325950.38$325950,$1115645284 PFL,1323119 PFL
187,DogeCash1808DOGEC,$0.01539,0.37%,2.22%,37.25%,$323335.12$323335,$6379 DOGEC,21005151 DOGEC
188,Cat Token1809CAT,$0.04953,0.46%,0.77%,2.83%,$323314.21$323314,$992008 CAT,6527607 CAT
189,AirNFTs1810AIRT,$0.002884,0.04%,6.74%,2.52%,$323070.83$323071,$32361122174 AIRT,112040000 AIRT
190,The HUSL1901HUSL,$0.02335,2.19%,1.80%,26.95%,$242329.33$242329,$11540494293 HUSL,10379879 HUSL
191,Basis Cash1902BAC,$0.004439,0.49%,1.81%,3.93%,$242252.53$242253,$118962679911 BAC,54575145 BAC
192,Terracoin1903TRC,$0.0105,12.87%,0.36%,22.34%,$240708.98$240709,$807597 TRC,22935396 TRC
193,Xensor1904XSR,$0.00005181,0.00%,0.02%,0.01%,$240446.21$240446,--,4641311279 XSR
194,Deutsche eMark1905DEM,$0.004478,0.38%,2.22%,2.31%,$240255.39$240255,--,53653541 DEM
195,BeatzCoin1906BTZC,$0.00009236,0.38%,0.84%,68.81%,$237232.44$237232,$36393657 BTZC,2568652554 BTZC
196,Kangal1907KANGAL,$0.000002372,0.04%,1.71%,5.35%,$237205.60$237206,$21791606941 KANGAL,100000000000 KANGAL
197,MicroPets1908PETS,$0.00000004736,0.03%,4.30%,2.71%,$237124.22$237124,$97520583268121 PETS,5007120231351 PETS
198,BitBall1909BTB,$0.0003896,0.01%,2.99%,14.84%,$236349.86$236350,$171175439394620 BTB,606692575 BTB
199,Rapidz1910RPZX,$0.0001279,0.38%,211.41%,17.08%,$236316.18$236316,$0200 RPZX,1847661820 RPZX
200,Qrkita Token2001QRT,$0.000001786,0.04%,6.25%,47.05%,$178576.47$178576,$743881416422037321 QRT,99966493120 QRT
201,Titan Coin2002TTN,$0.0001955,0.38%,252.06%,258.08%,$178097.09$178097,--,910820150 TTN
202,Phore2003PHR,$0.006003,0.38%,2.22%,4.50%,$177068.55$177069,--,29495745 PHR
203,PWR Coin2004PWR,$0.00001828,0.44%,1.24%,0.45%,$176710.56$176711,--,9664500811 PWR
204,Cyclub2005CYCLUB,$0.000134,3.46%,1.42%,4.84%,$176150.13$176150,$1055078717076 CYCLUB,1314294423 CYCLUB
205,4THPILLAR TECHNOLOGIES2006FOUR,$0.001385,0.00%,0.12%,1.37%,$175772.83$175773,--,126901359 FOUR
206,Neural Protocol2007NRP,$0.00001828,0.44%,1.24%,0.45%,$173666.06$173666,--,9497994014 NRP
207,FBX by KXCO2008FBX,$0.01926,3.31%,57.59%,26.27%,$171199.53$171200,$1827539489912 FBX,8889956 FBX
208,Novara Calcio Fan Token2009NOV,$0.4826,0.57%,2.12%,7.38%,$170249.76$170250,$2951061142 NOV,352746 NOV
209,ETHA Lend2010ETHA,$0.01807,0.52%,0.39%,0.01%,$169159.54$169160,$535032960260 ETHA,9359425 ETHA
210,Novacoin2101NVC,$0.05429,0.38%,13.78%,43.29%,$126818.94$126819,$1813334 NVC,2335757 NVC
211,Non-Fungible Yearn2102NFY,$1.30,0.00%,0.00%,6.03%,$126800.16$126800,--,97346 NFY
212,Agrello2103DLT,$0.0009795,0.38%,14.08%,19.36%,$126430.41$126430,--,129071019 DLT
213,Gunstar Metaverse2104GSTS,$0.004036,0.01%,1.81%,10.46%,$126294.98$126295,$2677663191 GSTS,31290286 GSTS
214,Berry Data2105BRY,$0.06207,0.05%,2.88%,0.49%,$124138.65$124139,$13824222714 BRY,2000000 BRY
215,Nyzo2106NYZO,$0.0104,3.97%,12.90%,25.77%,$123927.93$123928,$146671410660 NYZO,11919651 NYZO
216,Silver Stonks2107SSTX,$0.0000001656,0.04%,3.22%,2.58%,$123768.84$123769,$957042374 SSTX,747566991914 SSTX
217,Metaverse Dualchain Network Architecture2108DNA,$0.000006,0.02%,0.04%,0.00%,$120858.68$120859,--,20143656744 DNA
218,GeoDB2109GEO,$0.001443,0.45%,4.78%,5.01%,$119287.35$119287,$280194028 GEO,82641419 GEO
219,Nerva2110XNV,$0.006997,0.38%,2.22%,2.31%,$119068.33$119068,--,17017723 XNV
220,Auxilium2201AUX,$0.0005452,0.39%,1.69%,0.14%,$77360.71$77361,$2663048846850 AUX,141900578 AUX
221,MEDIA EYE NFT Portal2202eYe,$0.0008182,0.96%,0.86%,8.58%,$76084.18$76084,$3540243268664 EYE,92990540 eYe
222,KIWIGO2203KGO,$0.001779,0.00%,14.90%,10.44%,$75497.61$75498,$277155833 KGO,42438196 KGO
223,ETNA Network2204ETNA,$0.006238,0.00%,5.92%,23.53%,$75350.78$75351,$14022466 ETNA,12079542 ETNA
224,Pascal2205PASC,$0.001894,0.39%,1.70%,16.74%,$75187.52$75188,$15179937 PASC,39689475 PASC
225,Catex Token2206CATT,$0.00009822,0.01%,11.42%,80.47%,$75095.35$75095,$0.97589935 CATT,764538331 CATT
226,IQ.cash2207IQ,$0.006274,0.09%,0.01%,0.01%,$75059.93$75060,$10239716319661 IQ,11962738 IQ
227,Myriad2208XMY,$0.00004001,0.01%,0.01%,21.54%,$73814.56$73815,--,1844929500 XMY
228,Decentrahub Coin2209DCNTR,$0.04143,0.37%,2.19%,2.44%,$73374.73$73375,--,1771062 DCNTR
229,Celeum2210CLX,$0.01427,0.40%,1.16%,0.62%,$73158.47$73158,--,5127335 CLX
230,Beetlecoin2301BEET,$0.0001583,0.38%,2.07%,2.23%,$45891.12$45891,--,289976276 BEET
231,CafeSwap Token2302BREW,$0.002,0.01%,4.57%,16.35%,$45808.09$45808,--,22898652 BREW
232,Cheesecoin2303CHEESE,$0.000112,0.37%,2.19%,2.44%,$45782.14$45782,$02383 CHEESE,408869908 CHEESE
233,Yocoin2304YOC,$0.000123,6.01%,25.58%,28.59%,$45463.83$45464,$80237652396209 YOC,369659255 YOC
234,BitWhite2305BTW,$0.001237,5.05%,5.35%,1.44%,$44923.32$44923,$8683970218820 BTW,36325371 BTW
235,Phoenix Token2306PHX,$0.00134,1.46%,2.20%,1.55%,$44176.25$44176,$1624212117720 PHX,32959585 PHX
236,Phoneum2307PHT,$0.0000142,0.01%,0.01%,0.03%,$43521.12$43521,$21214911848 PHT,3064145775 PHT
237,HeroesTD2308HTD,$0.000896,0.09%,3.54%,4.24%,$43000.52$43001,$209233534 HTD,47990619 HTD
238,Spaceswap SHAKE2309SHAKE,$56.34,0.51%,1.94%,2.77%,$42759.97$42760,$517792 SHAKE,759 SHAKE
239,MIB Coin2310MIB,$0.00021,0.01%,0.01%,18.26%,$42446.60$42447,$315920 MIB,202079054 MIB
240,Coin2.12401C2,$0.0002799,0.37%,2.19%,2.44%,$21903.47$21903,--,78245975 C2
241,Centurion2402CNT,$0.0002799,0.37%,2.19%,2.44%,$21740.51$21741,--,77663826 CNT
242,PosEx2403PEX,$0.008678,0.37%,2.19%,2.44%,$21288.87$21289,--,2453240 PEX
243,X-Coin2404XCO,$0.00168,0.37%,2.19%,2.44%,$20801.63$20802,--,12384976 XCO
244,Origin Sport2405ORS,$0.00006896,4.94%,7.08%,9.68%,$20689.06$20689,--,299999850 ORS
245,Anoncoin2406ANC,$0.009798,0.37%,2.19%,2.44%,$20676.01$20676,--,2110317 ANC
246,Ormeus Ecosystem2407ECO,$0.000009267,2.14%,5.86%,3.94%,$20668.82$20669,$1069115407997 ECO,2230453136 ECO
247,BoutsPro2408BOUTS,$0.0002695,0.42%,21.33%,5.17%,$20645.14$20645,--,76615188 BOUTS
248,Knekted2409KNT,$0.00003659,0.40%,1.16%,0.62%,$20091.26$20091,--,549160032 KNT
249,Tokenbox2410TBX,$0.001776,0.57%,1.84%,2.47%,$19949.08$19949,$116363 TBX,11235451 TBX
250,Martkist2501MARTK,$0.0005038,0.37%,63.33%,61.63%,$8540.24$8540,--,16952470 MARTK
251,Litecred2502LTCR,$0.0002799,0.37%,2.22%,2.32%,$8460.00$8460,--,30227750 LTCR
252,MedicCoin2503MEDIC,$0.00002799,0.37%,2.22%,2.32%,$8350.06$8350,--,298349398 MEDIC
253,Smaugs NFT2504SMG,$0.0002381,0.03%,2.24%,54.88%,$8333.71$8334,$312381 SMG,35000000 SMG
254,Apollon2505XAP,$0.00005598,0.37%,2.22%,2.32%,$8317.07$8317,--,148585276 XAP
255,SCRIV NETWORK2506SCRIV,$0.0003359,0.37%,2.22%,2.32%,$8310.40$8310,$618011 SCRIV,24744362 SCRIV
256,Transcodium2507TNS,$0.00009301,0.61%,1.80%,2.59%,$7984.10$7984,$1051133044 TNS,85842616 TNS
257,Xuez2508XUEZ,$0.001674,0.40%,1.82%,12.55%,$7610.66$7611,--,4545396 XUEZ
258,Streamit Coin2509STREAM,$0.0005598,0.37%,2.22%,2.32%,$7573.09$7573,--,13529414 STREAM
259,LCMS2510LCMS,$0.0005,0.02%,0.03%,0.00%,$7461.26$7461,--,14922868 LCMS
260,Storeum2601STO,$0.000001464,0.38%,1.14%,0.66%,$408.32$408,--,278998364 STO
261,GokuMarket Credit2602GMC,$0.0001,0.01%,0.01%,450.15%,$315.59$316,$21208155 GMC,3155000 GMC
262,Klimatas2603KTS,$0.000364,0.35%,2.16%,2.48%,$263.11$263,--,722904 KTS
263,Blizzard Network2604BLIZZ,$0.0003953,0.58%,3.81%,2.80%,$213.45$213,$1229223 BLIZZ,540000 BLIZZ
264,Trexcoin2605TREX,$0.00000014,0.35%,2.16%,2.48%,$140.94$141,--,1006849553 TREX
265,Aeron2606ARNX,$0.000004302,0.32%,4.15%,43.54%,$86.05$86,$16237701427 ARNX,20000000 ARNX
266,Nibble2607NBXC,$0.000112,0.35%,2.16%,2.48%,$30.19$30,--,269549 NBXC
267,CryptoPlanes2608CPAN,$0.000000503,0.00%,14.47%,11.19%,$7.85$8,$123244243465 CPAN,15600000 CPAN
268,HaloDAO2609RNBW,$0.00000004619,1.14%,7.66%,3.08%,$0.26$0,$46989329480 RNBW,5602877 RNBW
269,YFFII Finance2610YFFII,$0.0...00958,19.35%,23.06%,19.68%,$0.00$0,$1600816710737216991 YFFII,30000 YFFII
270,Velodrome Finance2701VELO,$0.1167,0.15%,7.56%,16.04%,$16.46M$16456723,$259097322199267 VELO,141000000 VELO
271,PepeCoin Cryptocurrency2702pepecoin,$0.04286,2.71%,41.29%,27.55%,--,$254358459343182 PEPECOIN,0 pepecoin
272,The Debt Box2703DEBT,$8.97,0.05%,0.11%,6.71%,--,$2533236282402 DEBT,0 DEBT
273,ApeX Protocol2704APEX,$0.3771,0.40%,2.92%,30.39%,$13.00M$12997088,$24815846580926 APEX,34467048 APEX
274,USDH2705USDH,$4.50,0.23%,350.57%,355.89%,--,$2447323543683 USDH,--
275,YEET DAO2706YEET,$0.01316,9.10%,8.46%,8.46%,$5.53M$5526751,$2441664185582344 YEET,420069000 YEET
276,XCAD Network Play2707PLAY,$0.06483,0.04%,2.03%,9.01%,$22.69M$22691731,$240132537038331 PLAY,350000000 PLAY
277,Teddy Doge2708Teddy V2,$0.000000003851,0.41%,18.57%,9.76%,$2.00M$1997703,$2384553619169738115966 TEDDY V2,518720959129110 Teddy V2
278,Bobo2709BOBO,$0.00000001085,18.54%,47.61%,396.45%,$4.56M$4563539,$2285695210706828816904 BOBO,420690000000000 BOBO
279,ZEDXION2710USDZ,$0.9988,0.04%,0.01%,0.04%,--,$22561022258918 USDZ,0 USDZ
280,Limoverse2801LIMO,$0.061,0.02%,6.48%,40.24%,--,$107780817668330 LIMO,0 LIMO
281,IguVerse2802IGU,$0.04507,0.10%,2.97%,3.77%,$1.13M$1126666,$107516523857224 IGU,25000000 IGU
282,ZEDXION2803ZEDXION,$0.1281,0.08%,0.98%,1.33%,$607.90M$607899597,$10750918394448 ZEDXION,4746558037 ZEDXION
283,CANTO2804CANTO,$0.2392,0.24%,4.47%,4.71%,$101.27M$101268275,$10647784452203 CANTO,423437418 CANTO
284,Fief2805FIEF,$0.1187,0.65%,1.59%,137.82%,$16.89M$16890612,$10585378918958 FIEF,142315893 FIEF
285,Deesse2806LOVE,$0.0007209,4.16%,4.04%,12.78%,$6.13M$6127807,$10356951436632404 LOVE,8500000000 LOVE
286,AladdinDAO2807ALD,$0.05673,0.52%,4.84%,1.73%,$4.01M$4011563,$102615018089817 ALD,70719103 ALD
287,Lido Staked SOL2808stSOL,$24.14,0.27%,1.86%,4.79%,$24.88M$24884232,$102615042503 STSOL,1030697 stSOL
288,GLOBAL DIGITAL CLUSTER COIN2809GDCC,$8.40,0.18%,0.96%,1.88%,$7.05M$7048413,$1018120121153 GDCC,838742 GDCC
289,OKT Chain2810OKT,$18.55,0.28%,1.13%,2.91%,--,$101133354514 OKT,0 OKT
290,PEEPO2901PEEPO,$0.00000001826,3.97%,14.61%,115.94%,$1.27M$1267730,$66316136314256003035 PEEPO,69420000000000 PEEPO
291,ISLAMICOIN2902ISLAMI,$0.0007059,3.18%,5.41%,21.43%,--,$661510937174553 ISLAMI,0 ISLAMI
292,StakeWise2903SWISE,$0.1305,0.55%,0.61%,4.06%,--,$6577485041631 SWISE,0 SWISE
293,Unique Network2904UNQ,$0.007831,0.08%,6.55%,7.41%,--,$64823882780117 UNQ,--
294,ZigZag2905ZZ,$0.3622,1.96%,1.57%,3.66%,--,$6467981785883 ZZ,0 ZZ
295,PandAI2906PANDAI,$0.00000005009,1.96%,21.36%,43.22%,--,$64575212890751462042 PANDAI,0 PANDAI
296,Kermit2907KERMIT,$0.002393,35.32%,181.56%,335.42%,$2.39M$2393450,$643826268994995 KERMIT,1000000000 KERMIT
297,Agoric2908BLD,$0.2035,1.30%,7.49%,11.63%,$88.13M$88128308,$6392933140954 BLD,432989184 BLD
298,WWEMIX2909WWEMIX,$1.15,0.85%,8.63%,9.76%,--,$623435543440 WWEMIX,--
299,GOLCOIN2910GOLC,$0.5104,1.46%,4.72%,8.11%,$3062.52$3063,$6232931221137 GOLC,6000 GOLC
300,Pollux Coin3001POX,$1.09,1.49%,3.79%,8.46%,$54.59M$54590042,$462088423234 POX,50000000 POX
301,Meta Game City3002MECI,$1.37,0.17%,0.90%,0.01%,$90.42M$90415313,$461879337310 MECI,66030338 MECI
302,Truebit3003TRU,$0.08642,0.52%,4.56%,1.97%,--,$4616435341928 TRU,--
303,Gearbox Protocol3004GEAR,$0.009028,0.90%,1.29%,11.93%,$6.74M$6739846,$45960450907501 GEAR,746531293 GEAR
304,Sonne Finance3005SONNE,$0.1259,0.66%,2.14%,17.40%,$5.24M$5243221,$4589993646627 SONNE,41656021 SONNE
305,CherrySwap3006CHE,$0.0384,0.09%,4.24%,3.71%,$4.25M$4246943,$45882611948788 CHE,110599365 CHE
306,Enegra (EGX)3007EGX,$188.86,0.36%,3.21%,3.21%,$16.05B$16049500736,$4576382423 EGX,84978935 EGX
307,DogeSwap3008DOG,$0.001279,0.00%,0.71%,0.61%,--,$454073355153312 DOG,0 DOG
308,Artizen3009ATNT,$0.003532,2.44%,5.74%,72.07%,--,$453271128338858 ATNT,0 ATNT
309,Popsicle Finance3010ICE,$1.24,1.27%,9.96%,9.20%,$16.06M$16060601,$452789363955 ICE,12909630 ICE
310,Metanept3101NEPT,$0.00004206,0.12%,2.43%,3.85%,--,$3494718309855631 NEPT,0 NEPT
311,Superpower Squad3102SQUAD,$0.007993,0.98%,17.61%,10.97%,$1.00M$1001523,$34924843694188 SQUAD,125300000 SQUAD
312,Gyoshi3103GYOSHI,$0.0000004018,12.73%,25.73%,84.26%,$287311.03$287311,$347250864163806864 GYOSHI,715000000000 GYOSHI
313,Rubic3104RBC,$0.01634,0.52%,5.04%,3.06%,--,$34507621113671 RBC,0 RBC
314,DEXGame3105DXGM,$0.01292,7.78%,1.70%,11.87%,$5.09M$5088526,$34498826712079 DXGM,394000000 DXGM
315,BNBDOWN3106BNBDOWN,$0.01019,0.20%,5.36%,1.12%,--,$34462933812367 BNBDOWN,--
316,Utility Web3Shot3107UW3S,$0.04195,0.43%,2.26%,2.36%,--,$3441378203343 UW3S,0 UW3S
317,CNHC3108CNHC,$0.1435,0.23%,0.76%,0.93%,$717280.39$717280,$3440232398107 CNHC,5000000 CNHC
318,Berry3109BERRY,$0.000863,0.30%,7.38%,8.79%,$8.45M$8448972,$343935398535364 BERRY,9790255552 BERRY
319,DEUS Finance3110DEUS,$63.13,0.61%,3.38%,10.75%,--,$3434995441 DEUS,0 DEUS
320,BMAX3201BMAX,$0.09252,0.74%,2.41%,1.78%,$60601.77$60602,$2766302989890 BMAX,655000 BMAX
321,Future AI3202FUTURE-AI,$0.002607,0.04%,16.48%,12.30%,--,$276275105958001 FUTURE-AI,0 FUTURE-AI
322,UXD Stablecoin3203UXD,$0.9953,0.65%,0.83%,0.43%,--,$275709277019 UXD,0 UXD
323,BoringDAO3204BORING,$0.0028,0.11%,1.38%,2.61%,$1.29M$1287381,$27476498143604 BORING,459843082 BORING
324,Punk Vault (NFTX)3205PUNK,$98676.39,0.59%,3.80%,11.06%,--,$2733363 PUNK,0 PUNK
325,Bogdanoff3206BOG,$0.00000000164,19.46%,208.44%,473.44%,$491981.89$491982,$272944166435111116138 BOG,300000000000000 BOG
326,RENEC3207RENEC,$1.10,0.34%,0.87%,9.49%,--,$272043246447 RENEC,--
327,PLC Ultima Classic3208PLCUC,$103.68,0.68%,24.80%,31.39%,$134073.18$134073,$2719382623 PLCUC,1293 PLCUC
328,DappRadar3209RADAR,$0.007966,0.83%,2.66%,8.64%,$4.59M$4590043,$27174534112277 RADAR,576191039 RADAR
329,ANIVERSE3210ANV,$0.03139,0.48%,1.58%,8.32%,$9.01M$9012813,$2716558654439 ANV,287132088 ANV
330,Ref Finance3301REF,$0.1229,0.73%,3.97%,4.49%,--,$2093491702818 REF,0 REF
331,Sonic Inu3302SONIC,$0.0...04285,8.39%,9.87%,27.97%,$1.80M$1799603,$20920848825875441665600 SONIC,420000000000000000 SONIC
332,cheqd3303CHEQ,$0.05622,0.56%,3.95%,12.18%,--,$2085913710469 CHEQ,0 CHEQ
333,Monsters Clan3304MONS,$0.01388,0.08%,1.88%,5.61%,$98701.77$98702,$20833015010053 MONS,7111416 MONS
334,Biskit Protocol3305BISKIT,$0.08042,1.82%,0.18%,2.52%,$830350.25$830350,$2065502568418 BISKIT,10325254 BISKIT
335,ZoidPay3306ZPAY,$0.07356,0.24%,6.48%,19.44%,$23.99M$23992456,$2064092805809 ZPAY,326140476 ZPAY
336,Rare FND3307FND,$0.0029,0.08%,0.53%,11.24%,$154992.08$154992,$20630671143858 FND,53448485 FND
337,GoMeat3308GOMT,$0.5761,0.88%,0.52%,2.88%,$1.13M$1133452,$206081357692 GOMT,1967322 GOMT
338,Medal of Honour3309MOH,$0.05841,0.42%,10.02%,9.50%,--,$2059343525421 MOH,0 MOH
339,Sanin Inu3310SANI,$0.000008066,0.31%,2.24%,25.55%,--,$20587825523856897 SANI,--
340,hiSAND333401HISAND33,$0.01494,0.41%,2.99%,9.98%,$313349.06$313349,$16606311112228 HISAND33,20968000 HISAND33
341,Premia3402PREMIA,$0.687,0.32%,1.77%,1.76%,$7.28M$7280637,$166063241728 PREMIA,10598015 PREMIA
342,Lil Floki3403LILFLOKI,$0.0...06156,0.35%,7.68%,9.31%,$537318.36$537318,$165482268826053236053 LILFLOKI,872876050604093 LILFLOKI
343,NFT Champions3404CHAMP,$0.01871,0.01%,1.18%,6.68%,$2.81M$2810877,$1654608841372 CHAMP,150199082 CHAMP
344,Arbi pepe3405PEPE,$0.000001076,0.01%,320.92%,98.68%,--,$165184153558937596 PEPE,--
345,CryptoMines3406ETERNAL,$0.1652,0.06%,6.12%,6.53%,$597102.57$597103,$164909998341 ETERNAL,3614788 ETERNAL
346,PodFast3407FAST,$0.06074,1.42%,6.78%,24.65%,--,$1646302710606 FAST,0 FAST
347,GenesysGo Shadow3408SHDW,$0.117,0.02%,1.69%,2.45%,$16.65M$16646111,$1643321404195 SHDW,142238848 SHDW
348,Tectonic3409TONIC,$0.0000001937,0.68%,0.24%,5.61%,$21.37M$21369534,$164137847325270961 TONIC,110316376775748 TONIC
349,MM Finance (Polygon)3410MMF,$0.005211,0.01%,11.17%,15.31%,--,$16380531436891 MMF,0 MMF
350,EarnGuild3501EARN,$0.004987,0.00%,3.67%,6.88%,--,$13439026949517 EARN,--
351,Sanshu Inu3502SANSHU,$0.0...03079,0.41%,10.83%,0.71%,$1.14M$1144141,$1338044345662042607098 SANSHU,37159192118018896 SANSHU
352,Xiden3503XDEN,$4.81,3.81%,8.39%,13.01%,$585677.12$585677,$13379227829 XDEN,121822 XDEN
353,Neutrinos3504$NEUTR,$0.009059,3.71%,24.49%,35.96%,$1.81M$1811818,$13349614736143 $NEUTR,200000000 $NEUTR
354,Uhive3505HVE2,$0.0005621,0.01%,4.76%,7.03%,$1.28M$1280785,$132990236578669 HVE2,2278419689 HVE2
355,Alita Finance3506ALI,$0.05909,0.01%,2.47%,2.97%,$520685.40$520685,$1329092249294 ALI,8811878 ALI
356,WeBuy3507WE,$0.7747,1.57%,3.59%,9.56%,$38.73M$38732681,$132683171281 WE,50000000 WE
357,Unipilot3508PILOT,$2.30,0.41%,4.70%,2.08%,$2.74M$2740436,$13259157576 PILOT,1190000 PILOT
358,One Hundred Million Inu3509OHMI,$0.007121,5.47%,9.81%,32.56%,--,$13217918562809 OHMI,0 OHMI
359,RazrFi3510SOLR,$0.02668,0.91%,0.06%,7.65%,$1.33M$1331020,$1317524937692 SOLR,49882759 SOLR
360,ReduX3601REDUX,$0.5377,0.01%,5.86%,14.63%,--,$114073212130 REDUX,0 REDUX
361,Mobipad3602MBP,$0.01309,0.03%,0.05%,2.51%,--,$1140618711367 MBP,0 MBP
362,Kiba Inu3603KIBA,$0.000003438,1.21%,15.35%,6.32%,$2.84M$2843162,$11401833161180349 KIBA,826909234639 KIBA
363,ZENEX3604ZNX,$0.5459,0.97%,17.50%,37.28%,--,$113794208470 ZNX,0 ZNX
364,Stronger3605STRNGR,$1.89,0.41%,0.61%,5.59%,--,$11298559725 STRNGR,0 STRNGR
365,B203606B20,$0.1058,3.52%,3.75%,17.34%,--,$1128791066610 B20,--
366,Curve.fi FRAX/USDC3607CRVFRAX,$0.9988,0.20%,0.18%,0.70%,--,$112715112845 CRVFRAX,--
367,Ethermon3608EMON,$0.002601,0.10%,3.16%,13.29%,--,$11268043325230 EMON,0 EMON
368,MRHB DeFi Network3609MRHB,$0.005245,0.02%,2.87%,2.88%,$1.24M$1237082,$11259021465061 MRHB,235848047 MRHB
369,Metagalaxy Land3610MEGALAND,$0.0...02673,0.00%,8.67%,7.42%,$208269.68$208270,$112549421133788876065 MEGALAND,779299273073349 MEGALAND
370,Fanzee3701FNZ,$0.003321,0.39%,5.67%,20.44%,$83029.80$83030,$9723029275557 FNZ,25000000 FNZ
371,Cheese (V2)3702CHEESE,$0.00004823,0.01%,6.38%,8.39%,--,$969962011197818 CHEESE,0 CHEESE
372,Fight Out3703FGHT,$0.00909,0.00%,6.18%,5.53%,$386118.75$386119,$9678210647432 FGHT,42478889 FGHT
373,SOUNI3704SON,$0.0003735,0.09%,9.79%,19.15%,--,$96602258622414 SON,0 SON
374,Acadex Network3705ACDX,$0.008685,0.04%,0.81%,6.59%,--,$9626311083816 ACDX,0 ACDX
375,Avatara3706NOX,$0.185,2.23%,10.33%,21.86%,--,$96187520033 NOX,0 NOX
376,Kek Token3707KEK,$0.000000002103,8.20%,9.79%,56.86%,$145105.48$145105,$9611945706213392976 KEK,69000000000000 KEK
377,JERITEX3708JRIT,$0.04801,0.01%,0.02%,0.03%,--,$960292000110 JRIT,0 JRIT
378,Stackswap3709STSW,$0.2809,0.17%,6.00%,35.20%,--,$95974341689 STSW,0 STSW
379,BighBull3710BIGB,$0.001574,0.01%,0.02%,0.02%,--,$9595760948574 BIGB,0 BIGB
380,OdysseyWallet3801ODYS,$0.000008099,0.04%,7.12%,123.98%,--,$8135710045754497 ODYS,0 ODYS
381,REBorn(New)3802RB,$0.7801,0.09%,1.71%,0.45%,$4.92M$4918655,$81333104266 RB,6305556 RB
382,XIDR3803XIDR,$0.0000669,0.20%,0.26%,1.69%,$7.62M$7619608,$811161212560343 XIDR,113902104683 XIDR
383,AtPay3804ATPAY,$0.5841,1.79%,4.72%,76.81%,$17.52M$17524290,$81064138774 ATPAY,30000000 ATPAY
384,IVOGEL3805IVG,$0.00001143,0.02%,0.67%,4.12%,--,$810357090863248 IVG,0 IVG
385,Zipmex3806ZMT,$0.02957,0.93%,33.33%,28.23%,$1.94M$1935467,$810142739906 ZMT,65457505 ZMT
386,WELD3807WELD,$0.007629,0.01%,9.25%,13.18%,$594648.74$594649,$8098710615370 WELD,77943972 WELD
387,Memeverse3808MEME,$0.004005,0.01%,15.51%,5.07%,--,$8086520192661 MEME,0 MEME
388,DiamondQ3809DIQ,$0.0004315,0.02%,2.90%,2.82%,$431467.37$431467,$80828187332167 DIQ,1000000000 DIQ
389,Frz Solar System3810FRZSS,$0.0...07977,0.01%,5.94%,6.53%,$68803.30$68803,$80809101300785748173 FRZSS,86250286495093 FRZSS
390,DragonKing3901DRAGONKING,$0.0000003286,0.82%,25.91%,65.96%,$4.36M$4360138,$69688212094660398 DRAGONKING,13270000000000 DRAGONKING
391,Alien3902ALIEN,$0.1045,0.28%,3.43%,33.23%,$297760.78$297761,$69588665672 ALIEN,2848333 ALIEN
392,Altrucoin3903ALTRU,$0.291,0.25%,0.22%,1.85%,$581942.47$581942,$69572239103 ALTRU,2000000 ALTRU
393,SafeSwap3904SSGTX,$0.001595,1.23%,4.34%,37.54%,$36465.17$36465,$6940743503159 SSGTX,22855661 SSGTX
394,Cryptegrity DAO3905ESCROW,$0.00137,0.01%,7.32%,28.46%,$95924.52$95925,$6935950614372 ESCROW,70000000 ESCROW
395,sETH3906SETH,$1825.44,0.43%,1.25%,0.77%,--,$6933038 SETH,--
396,CPUcoin3907CPU,$0.007416,0.01%,0.43%,0.38%,$3.22M$3215289,$693249347782 CPU,433557201 CPU
397,300FIT NETWORK3908FIT,$0.0004204,0.53%,3.73%,10.68%,--,$69230164657244 FIT,0 FIT
398,Dreamverse3909DV,$0.001746,0.13%,0.09%,17.73%,$109276.59$109277,$6922139641047 DV,62580000 DV
399,Oreto Network3910ORT,$0.001282,1.43%,12.91%,24.61%,$641136.15$641136,$6907753870782 ORT,500000000 ORT
400,Bandot Protocol4001BDT,$0.00006027,0.40%,0.98%,10.66%,--,$58991bdt978719856,--
401,NIKPLACE4002NIK,$9.50,0.09%,2.38%,36.66%,$606.07M$606069300,$587146178 NIK,63776522 NIK
402,Wrapped Moonbeam4003WGLMR,$0.3323,0.04%,2.24%,5.54%,--,$58594176344 WGLMR,--
403,Golden Token4004GOLD,$0.008478,2.21%,4.86%,2.71%,--,$583816885979 GOLD,--
404,Fountain Protocol4005FTP,$0.0008459,4.53%,1.20%,4.46%,$63928.70$63929,$5832368947313 FTP,75574283 FTP
405,Bitindi Chain4006BNI,$0.01763,3.79%,8.01%,7.40%,$511324.48$511324,$582863305703 BNI,29000000 BNI
406,Tsukuyomi-no-Mikoto4007MIKOTO,$0.00002445,0.06%,0.25%,4.52%,--,$581232376820323 MIKOTO,0 MIKOTO
407,Busy DAO4008BUSY,$0.001779,0.09%,1.84%,4.87%,$159882.62$159883,$5788632532671 BUSY,89855869 BUSY
408,Entice Coin4009NTIC,$0.04135,0.34%,1.41%,6.33%,--,$578031398017 NTIC,0 NTIC
409,Kingdom Karnage4010KKT,$0.0006299,0.15%,3.05%,1.23%,$266087.18$266087,$5779491750437 KKT,422422222 KKT
410,CamelCoin4101CML,$0.1233,0.48%,0.03%,2.91%,$369922.89$369923,$50587410251 CML,3000000 CML
411,H3RO3S4102H3RO3S,$0.001264,1.03%,2.50%,5.06%,--,$5057140006581 H3RO3S,0 H3RO3S
412,e-Money EUR4103EEUR,$1.04,0.29%,0.53%,0.47%,--,$5034648510 EEUR,--
413,3air41043AIR,$0.006108,2.87%,4.96%,4.08%,$967334.14$967334,$503208238152 3AIR,158366833 3AIR
414,MM Optimizer (Polygon)4105MMO,$0.1002,0.76%,12.94%,21.49%,--,$50154500660 MMO,--
415,0xACID4106ACID,$485.46,0.30%,2.16%,32.69%,$2.62M$2621468,$49934103 ACID,5400 ACID
416,DGNAPP.AI4107DEGAI,$0.001383,1.81%,32.74%,48.75%,--,$4981036022628 DEGAI,0 DEGAI
417,Zeitgeist4108ZTG,$0.08114,0.39%,0.39%,2.85%,$635754.78$635755,$49759613283 ZTG,7835763 ZTG
418,Bitlocus4109BTL,$0.001057,16.80%,58.83%,19.82%,$356689.79$356690,$4972747054578 BTL,337517857 BTL
419,Nucleon4110XCFX,$0.3134,0.75%,1.10%,5.39%,$3.46M$3461452,$49595158269 XCFX,11046232 XCFX
420,Seedify NFT Space4201SNFTS,$0.00342,1.99%,6.54%,3.63%,$13.19M$13194881,$4315612619429 SNFTS,3858333332 SNFTS
421,Laika4202LAIKA,$0.0000001099,3.77%,7.24%,4.48%,$109866.36$109866,$43130392570781926 LAIKA,1000000000000 LAIKA
422,Wrapped LUNA Classic4203WLUNC,$0.00009984,0.49%,2.85%,9.11%,--,$42892429616355 WLUNC,0 WLUNC
423,DracooMaster4204BAS,$0.03909,0.11%,1.53%,6.07%,$195427.30$195427,$425641088986 BAS,5000000 BAS
424,Fileshare Platform4205FSC,$1.96,0.07%,1.48%,0.06%,--,$4254821732 FSC,0 FSC
425,NEWM4206NEWM,$0.01289,0.28%,5.49%,15.68%,$4.77M$4766154,$424423291678 NEWM,369647658 NEWM
426,Ultron Vault4207ULTRON,$0.2759,0.42%,10.01%,65.31%,$275933.20$275933,$42356153502 ULTRON,1000000 ULTRON
427,Fire Protocol4208FIRE,$0.005367,0.01%,19.82%,34.23%,--,$423517891753 FIRE,--
428,UwU Lend4209UWU,$16.48,0.47%,2.61%,3.34%,--,$423012567 UWU,0 UWU
429,A Birds Nest4210A Birds Nest,$0.000000001055,0.02%,16.95%,45.31%,--,$4225640063061977716 A BIRDS NEST,0 A Birds Nest
430,SalmonSwap4301SAL,$1.53,4.13%,11.19%,7.12%,--,$3610823572 SAL,0 SAL
431,Dot Finance4302PINK,$0.001622,0.02%,5.56%,6.91%,$69029.21$69029,$3601622203644 PINK,42555556 PINK
432,April4303APRIL,$0.06157,0.01%,3.17%,3.50%,$3.71M$3710481,$35957583980 APRIL,60261341 APRIL
433,INFAM4304INF,$0.1298,0.06%,9.25%,14.33%,$38943.79$38944,$35930276787 INF,300000 INF
434,Coinscope4305COINSCOPE,$0.003514,0.00%,1.41%,2.17%,--,$3585610203400 COINSCOPE,0 COINSCOPE
435,4JNET43064JNET,$0.0...06799,0.02%,2.92%,2.04%,$339947.31$339947,$3584752724932837849 4JNET,500000000000000 4JNET
436,BH Network4307BHAT,$0.0242,0.26%,3.30%,3.88%,$4.96M$4956259,$358321480893 BHAT,204836773 BHAT
437,UniX Gaming4308UNIX,$0.01884,0.00%,1.95%,16.50%,$600454.53$600455,$357341896344 UNIX,31865390 UNIX
438,Liquid Staking Derivatives4309LSD,$0.1942,0.48%,8.49%,30.66%,$815840.72$815841,$35710183835 LSD,4200000 LSD
439,Baby Lovely Inu4310BLOVELY,$0.00000000196,0.14%,3.09%,3.95%,$121528.89$121529,$3568918207186779164 BLOVELY,62000000000000 BLOVELY
440,Crest Protocol4401CPT,$0.007307,1.31%,13.41%,3.74%,$1.10M$1096004,$308594223449 CPT,150000000 CPT
441,Echain Network4402ECT,$0.007527,5.35%,2.57%,19.97%,--,$308094093303 ECT,0 ECT
442,Wrapped Telos4403WTLOS,$0.1969,0.71%,4.66%,8.15%,--,$30765156276 WTLOS,--
443,Perseus Fintech4404PRS,$0.01212,0.90%,24.92%,12.21%,$142432.33$142432,$305732522176 PRS,11750028 PRS
444,VEROX4405VRX,$37.19,0.48%,1.50%,1.69%,--,$30541821 VRX,0 VRX
445,HNB Protocol4406HNB,$0.01354,0.26%,2.54%,4.72%,$1.35M$1354198,$303932244328 HNB,100000000 HNB
446,MOOI Network4407MOOI,$0.2298,0.22%,0.07%,11.09%,$1.45M$1452979,$30267131689 MOOI,6321823 MOOI
447,BTRIPS4408BTR,$0.02331,0.09%,4.95%,5.81%,$50.36M$50362612,$301191291916 BTR,2160245050 BTR
448,Wrapped OKT4409WOKT,$18.58,0.08%,1.30%,2.43%,--,$299561613 WOKT,--
449,Shib Army4410SHIBARMY,$0.0...09119,0.02%,11.30%,6.18%,$91187.50$91187,$2975532630027066860 SHIBARMY,100000000000000 SHIBARMY
450,AQTIS4501AQTIS,$0.001771,0.57%,7.13%,7.13%,$3.45M$3453422,$2449413830789 AQTIS,1950000000 AQTIS
451,SafeZone4502SAFEZONE,$0.0004954,0.01%,10.32%,1.52%,$247699.92$247700,$2429449039090 SAFEZONE,500000000 SAFEZONE
452,Empower4503MPWR,$0.05517,0.39%,5.28%,12.97%,$931540.07$931540,$24282440129 MPWR,16885185 MPWR
453,Theopetra4504THEO,$0.4925,1.74%,7.83%,24.61%,--,$2424249224 THEO,--
454,Beethoven X4505BEETS,$0.03754,0.40%,1.61%,1.99%,$5.48M$5483453,$24166643788 BEETS,146078556 BEETS
455,Boss Token4506BOSS,$0.000000002981,3.26%,2.87%,3.25%,$1.37M$1365687,$240588070110692763 BOSS,458119773838098 BOSS
456,Orbitau Taureum4507TAUM,$0.0005358,0.01%,3.18%,23.96%,--,$2404244870331 TAUM,0 TAUM
457,Lovelace World4508LACE,$0.002292,2.99%,1.12%,8.55%,$44637.23$44637,$2401410478368 LACE,19477582 LACE
458,AngelBlock4509THOL,$0.05323,0.57%,1.89%,11.28%,$4.24M$4244659,$23846447946 THOL,79734710 THOL
459,Jarvis Synthetic Euro4510JEUR,$1.10,0.02%,0.14%,0.36%,--,$2377121621 JEUR,--
460,Adadao4601ADAO,$0.002382,0.03%,3.29%,7.12%,$331090.91$331091,$201248448677 ADAO,139000000 ADAO
461,League of Ancients4602LOA,$0.005926,0.04%,2.77%,13.04%,$916223.97$916224,$201203395424 LOA,154619442 LOA
462,Revenue Coin4603RVC,$0.001784,0.06%,0.23%,7.33%,--,$2006111245388 RVC,0 RVC
463,Altair4604AIR,$0.007522,1.08%,2.57%,22.90%,--,$200462665099 AIR,--
464,Defi For You4605DFY,$0.0006026,0.02%,5.76%,2.55%,$244887.33$244887,$2001433214543 DFY,406416468 DFY
465,Sphere Finance4606SPHERE,$0.002719,0.04%,1.06%,1.17%,$20.86M$20861232,$200127359748 SPHERE,7671878245 SPHERE
466,Laelaps4607LAELAPS,$0.00024,53.73%,34.33%,32.67%,$240048.79$240049,$1994183072654 LAELAPS,1000000000 LAELAPS
467,CRYPTOKKI4608TOKKI,$0.01848,0.18%,1.31%,8.13%,--,$199411079276 TOKKI,--
468,SmartCredit Token4609SMARTCREDIT,$0.72,0.48%,9.34%,9.91%,$1.80M$1800119,$1992727675 SMARTCREDIT,2500000 SMARTCREDIT
469,Derp4610DERP,$0.0...03367,23.38%,9.86%,92.75%,$33674.80$33675,$19907591167997905156 DERP,1000000000000000 DERP
470,Joystick4701JOY,$0.05227,0.01%,0.75%,15.32%,$10.72M$10716116,$16884322999 JOY,205000000 JOY
471,TCGCoin 2.04702TCG2,$0.04798,0.11%,0.49%,2.08%,$6.61M$6608909,$16844351030 TCG2,137729882 TCG2
472,SmartFi4703SMTF,$0.06901,0.00%,1.45%,16.94%,--,$16823243771 SMTF,0 SMTF
473,NeoCortexAI4704CORAI,$0.005194,0.20%,1.68%,4.80%,$498244.99$498245,$167973234262 CORAI,95936200 CORAI
474,Canto Inu4705CINU,$0.0...07539,0.18%,19.78%,24.12%,--,$1679022272295259696 CINU,--
475,Bajun Network4706BAJU,$0.06673,0.66%,4.93%,11.35%,$3.34M$3336729,$16783251487 BAJU,50000000 BAJU
476,GoldMiner4707GM,$0.000003589,0.25%,0.78%,5.74%,--,$167614670362433 GM,0 GM
477,reBaked4708BAKED,$0.001663,0.58%,1.50%,1.11%,--,$1675010074149 BAKED,0 BAKED
478,DeltaFi4709DELFI,$0.004301,0.94%,0.68%,7.89%,--,$167403892460 DELFI,--
479,MetaWear4710WEAR,$0.0008783,0.32%,6.21%,9.47%,$658743.22$658743,$1672719043923 WEAR,750000000 WEAR
480,Pomeranian ETH4801POM,$0.006334,0.48%,14.71%,16.25%,--,$149122354389 POM,0 POM
481,Ivar Coin4802IVAR,$0.1361,0.29%,0.24%,7.23%,--,$14896109435 IVAR,0 IVAR
482,BFK Warzone4803BFK,$0.0007755,0.02%,19.74%,0.77%,$405069.72$405070,$1488019187550 BFK,522335206 BFK
483,Sway Protocol4804SWAY,$0.002695,0.02%,0.73%,5.25%,$88990.53$88991,$148485509769 SWAY,33022838 SWAY
484,Akropolis Delphi4805ADEL,$0.004487,0.13%,17.63%,0.01%,--,$148153301289 ADEL,0 ADEL
485,MTG Token4806MTG,$0.0009333,0.04%,4.32%,19.64%,--,$1479615853608 MTG,0 MTG
486,Metal Blockchain4807METAL,$0.04971,0.00%,0.31%,4.38%,$2.05M$2045290,$14778297295 METAL,41146992 METAL
487,Alaya4808ATP,$0.04955,0.10%,5.78%,19.98%,--,$14759297889 ATP,--
488,WAIFU4809WAIFU,$0.00006446,0.25%,10.95%,10.95%,$185647.16$185647,$14698228020894 WAIFU,2880000000 WAIFU
489,Galactic Arena: The NFTverse4810GAN,$0.0001324,0.01%,3.14%,3.05%,--,$14682110916865 GAN,0 GAN
490,Monsoon Finance4901MCASH,$0.002057,0.50%,3.39%,7.67%,$4319.40$4319,$131046370826 MCASH,2100000 MCASH
491,Blin Metaverse4902BLIN,$0.003133,0.24%,6.69%,4.81%,--,$131014181953 BLIN,0 BLIN
492,Hydraverse4903HDV,$0.0003521,0.02%,0.44%,5.56%,$7820.51$7821,$1309937196459 HDV,22208111 HDV
493,Alpha54904A5T,$0.01393,0.58%,0.28%,7.12%,--,$13080938726 A5T,0 A5T
494,Edufex4905EDUX,$0.0001558,0.59%,0.09%,1.71%,$67647.46$67647,$1306883868697 EDUX,434167389 EDUX
495,Hero Arena4906HERA,$0.00646,1.67%,0.08%,7.65%,$37104.50$37104,$130582021320 HERA,5743750 HERA
496,Noku4907NOKU,$0.2767,0.02%,0.12%,6.00%,--,$1305647188 NOKU,--
497,Spherium4908SPHRI,$0.02169,0.17%,0.66%,8.49%,--,$13035600933 SPHRI,0 SPHRI
498,Bored Candy City4909CANDY,$0.01799,0.44%,3.93%,8.47%,--,$13027724255 CANDY,--
499,EdgeSwap4910EGS,$0.0009912,0.17%,0.05%,0.20%,--,$1302213137780 EGS,0 EGS
500,JungleKing TigerCoin5001TIGER,$0.000000001808,3.09%,4.95%,10.36%,--,$118526554372809758 TIGER,0 TIGER
501,Adana Demirspor Token5002DEMIR,$1.15,1.41%,0.79%,1.65%,--,$1185010309 DEMIR,0 DEMIR
502,GlieseCoin5003GLC,$0.02439,4.57%,0.88%,23.68%,$120726.41$120726,$11838485432 GLC,4950340 GLC
503,Honor World Token5004HWT,$0.02798,10.41%,8.44%,17.82%,--,$11838423172 HWT,0 HWT
504,Mobius Finance5005MOT,$0.002695,0.00%,0.19%,2.53%,$32126.93$32127,$118044379210 MOT,11919002 MOT
505,Planet5006GAMMA,$0.07206,0.63%,3.90%,13.27%,$4.22M$4216803,$11801163753 GAMMA,58515189 GAMMA
506,CoinScan5007SCAN,$0.003168,0.47%,8.06%,16.58%,$3.17M$3168122,$117763716986 SCAN,1000000000 SCAN
507,Mecha Morphing5008MAPE,$0.01266,0.04%,0.51%,3.76%,--,$11747927586 MAPE,0 MAPE
508,Mars Token5009MRST,$0.004717,0.02%,4.02%,11.02%,$789729.05$789729,$116902478418 MRST,167433659 MRST
509,SUP5010SUP,$5.33,0.44%,0.17%,0.55%,--,$116452186 SUP,0 SUP
510,Zodium5101ZODI,$0.0009171,1.17%,1.91%,17.05%,$2292.83$2293,$999310895933 ZODI,2500000 ZODI
511,xcDOT5102XCDOT,$5.68,0.04%,1.93%,2.50%,--,$99831758 XCDOT,--
512,Betero5103BTE,$0.003946,2.45%,7.70%,15.21%,--,$99472520476 BTE,0 BTE
513,Floki GPT5104FGPT,$0.001036,0.80%,28.65%,19.12%,$64220.05$64220,$99249580600 FGPT,62000000 FGPT
514,AGRITECH5105AGT,$0.00472,0.04%,4.56%,5.82%,$4.01M$4007057,$99062098580 AGT,848880843 AGT
515,Revenant5106GAMEFI,$0.715,0.13%,3.33%,2.18%,$2.15M$2145127,$987013803 GAMEFI,3000000 GAMEFI
516,LOFI5107LOFI,$0.004839,3.33%,2.43%,11.54%,--,$98382033167 LOFI,0 LOFI
517,Megaton Finance5108MEGA,$0.483,0.86%,6.53%,25.93%,$4889.63$4890,$983720368 MEGA,10124 MEGA
518,Ratio Finance5109RATIO,$0.01233,7.75%,12.79%,8.33%,$25926.39$25926,$9821796402 RATIO,2102467 RATIO
519,Tracer5110TRC,$0.1524,0.01%,0.06%,0.71%,--,$969063585 TRC,--
520,BabyDoge CEO5201BCEO,$0.0...05785,6.53%,27.32%,18.32%,--,$794813740253804283340 BCEO,0 BCEO
521,Trisolaris5202TRI,$0.002735,0.58%,6.06%,7.89%,$45793.93$45794,$79382902000 TRI,16742513 TRI
522,The Neko5203NEKO,$0.00001351,0.52%,6.26%,17.74%,--,$7915585902375 NEKO,--
523,Graviton5204GRAV,$0.005616,0.34%,2.85%,14.50%,$5.46M$5464538,$78941405588 GRAV,973000000 GRAV
524,Bitcointry Token5205BTTY,$0.0003542,0.10%,1.22%,1.07%,$146129.03$146129,$789022278104 BTTY,412590118 BTTY
525,Elevate5206ELEV,$0.00009329,3.75%,7.70%,1.83%,$466460.39$466460,$783984024277 ELEV,5000000000 ELEV
526,EsportsPro5207ESPRO,$0.02666,0.16%,0.10%,0.19%,--,$7804292674 ESPRO,0 ESPRO
527,Perproject5208PER,$0.05179,0.03%,1.36%,11.97%,$11.13M$11125551,$7631147339 PER,214815713 PER
528,YuzuSwap5209YUZU,$0.003382,0.05%,13.19%,23.86%,$780758.83$780759,$76262254984 YUZU,230871860 YUZU
529,Gains5210GAINS,$0.1337,0.02%,4.42%,5.44%,$5.24M$5241035,$762256993 GAINS,39188545 GAINS
530,chikn feed5301FEED,$0.0002628,0.49%,7.26%,9.71%,--,$644024506104 FEED,--
531,humanDAO5302HDAO,$0.01035,0.29%,3.21%,1.73%,$2.10M$2095700,$6390617519 HDAO,202516480 HDAO
532,PEPE INU5303PEPEINU,$0.0...03673,0.13%,15.92%,58.29%,$15427.92$15428,$638517381362438555878 PEPEINU,42000000000000000 PEPEINU
533,Alcazar5304ALCAZAR,$0.00004736,2.20%,7.77%,96.55%,$27614.35$27614,$6374134580967 ALCAZAR,583055693 ALCAZAR
534,Wrapped SX Network5305WSX,$0.1033,0.52%,4.11%,1.23%,--,$636361586 WSX,0 WSX
535,Zero5306ZERO,$0.043,0.40%,3.45%,3.59%,$253.87M$253873277,$6358147867 ZERO,5904284668 ZERO
536,Artube5307ATT,$0.0003952,5.90%,1.38%,0.24%,$1.69M$1686200,$635516081197 ATT,4266666667 ATT
537,PornVerse5308PVERSE,$0.000665,0.30%,2.62%,4.19%,$332476.32$332476,$63529553274 PVERSE,500000000 PVERSE
538,Wrapped Star5309WSTR,$3189.38,0.44%,1.60%,3.30%,$1.48M$1483059,$63412 WSTR,465 WSTR
539,Suh Dude5310SUH,$0.0000004587,10.97%,35.78%,52.82%,$31841.95$31842,$633413809397980 SUH,69420000000 SUH
540,Peach Inu5401PEACH,$0.0...04757,0.02%,55.22%,62.58%,$11892.35$11892,$52331100141298202523 PEACH,2499999949350000 PEACH
541,Qrolli5402QR,$0.00003946,0.52%,9.63%,41.34%,$137108.46$137108,$5211132068299 QR,3474995899 QR
542,Asymetrix5403ASX,$0.3486,0.03%,1.47%,0.05%,--,$521014945 ASX,0 ASX
543,HILO5404HILO,$0.008426,0.03%,7.58%,19.44%,--,$5184615251 HILO,0 HILO
544,HashBridge Oracle5405HBO,$0.001792,0.09%,1.37%,0.18%,--,$51742887102 HBO,0 HBO
545,MetaGods5406MGOD,$0.005004,0.74%,7.66%,21.57%,$51374.41$51374,$51631031712 MGOD,10265840 MGOD
546,Carnomaly5407CARR,$0.000271,0.01%,2.18%,11.15%,$70064.27$70064,$514918995672 CARR,258492536 CARR
547,All In AI5408AIAI,$0.0002126,0.54%,26.55%,15.49%,--,$514024182340 AIAI,0 AIAI
548,DsunDAO5409DSUN,$0.000000009533,0.07%,4.66%,18.72%,$4.09M$4092128,$5138539012122361 DSUN,429252110000000 DSUN
549,StereoAI5410STAI,$0.0002269,0.67%,6.26%,11.23%,--,$513722637940 STAI,0 STAI
550,AutoDCA5501DCA,$0.002215,0.49%,0.37%,23.39%,$418780.84$418781,$41901891489 DCA,189028043 DCA
551,Klever Finance5502KFI,$2.98,0.10%,1.56%,7.37%,$62.68M$62684830,$41791400 KFI,21000000 KFI
552,Midway AI5503MIDAI,$0.002412,0.02%,10.24%,38.92%,$119826.34$119826,$41671727801 MIDAI,49681528 MIDAI
553,TattooMoney5504TAT2,$0.0009842,12.14%,20.66%,7.52%,$142939.21$142939,$41594225568 TAT2,145241001 TAT2
554,bitcastle5505CASTLE,$0.0003587,0.01%,5.24%,3.66%,$5.39M$5387905,$415711589842 CASTLE,15021701418 CASTLE
555,Subme5506SUB,$0.0008295,0.51%,17.48%,22.12%,$84746.44$84746,$41374987449 SUB,102165950 SUB
556,ZkSVM5507ZKSVM,$0.002205,0.49%,12.22%,17.33%,$136702.84$136703,$41271871634 ZKSVM,62000000 ZKSVM
557,Phenix Finance (NEW)5508PHNX,$0.00003931,1.64%,15.12%,30.95%,$12422.90$12423,$4125104931633 PHNX,316035276 PHNX
558,CoinClaim5509CLM,$0.00005096,1.93%,7.06%,22.17%,$5263.73$5264,$411980827007 CLM,103295781 CLM
559,YoungParrot5510YPC,$0.00000004885,0.97%,1.62%,8.99%,--,$411884304635380 YPC,0 YPC
560,SolDoge5601SDOGE,$0.00002297,3.41%,0.81%,31.68%,$229670.40$229670,$3342145510232 SDOGE,10000000000 SDOGE
561,Sivasspor Token5602SIV,$0.2984,1.00%,0.40%,0.62%,--,$333611180 SIV,0 SIV
562,Clear Water5603$CLEAR,$0.0001344,0.01%,6.73%,2.26%,$672084.01$672084,$332524739463 $CLEAR,5000000000 $CLEAR
563,YAM V15604YAM,$0.1614,0.67%,0.57%,15.51%,$4.62M$4617871,$332520607 YAM,28619370 YAM
564,LinkCoin Token5605LKN,$0.000159,0.00%,0.02%,0.63%,$42716.41$42716,$331920872074 LKN,268615200 LKN
565,Black Rabbit AI5606BRAIN,$0.09949,0.49%,0.71%,1.39%,$454574.26$454574,$330933264 BRAIN,4569050 BRAIN
566,Maral5607MRL,$0.00008477,0.01%,7.37%,20.93%,$77391.15$77391,$330639003472 MRL,913000000 MRL
567,Maximus LUCKY5608LUCKY,$0.04604,0.82%,10.04%,8.08%,--,$329571559 LUCKY,--
568,tGOLD5609TXAU,$62.14,0.06%,0.10%,0.52%,$6.11M$6114940,$328053 TXAU,98399 TXAU
569,QoWatt5610QWT,$0.01631,0.63%,5.45%,5.19%,$2.06M$2059627,$3279201028 QWT,126256600 QWT
570,WB-Mining5701WBM,$0.006545,0.19%,3.81%,4.46%,$77568.74$77569,$2772423544 WBM,11850870 WBM
571,Crypto Chip Token5702BVC,$0.0004847,7.40%,6.95%,11.31%,$48471.94$48472,$27595691959 BVC,100000000 BVC
572,MELEGA5703MARCO,$0.3365,1.17%,2.00%,14.53%,--,$27528178 MARCO,0 MARCO
573,Biden5704BIDEN,$0.00001169,0.47%,3.20%,49.29%,$11688.73$11689,$2749235158467 BIDEN,1000000000 BIDEN
574,Wrapped PKT5705WPKT,$0.001456,0.02%,4.75%,2.41%,$104118.14$104118,$27241870967 WPKT,71513571 WPKT
575,Perpetuum5706PRP,$0.002305,0.02%,3.69%,3.77%,$250781.82$250782,$27241181515 PRP,108779777 PRP
576,Atlas5707ATLAS,$0.0000001715,0.47%,17.32%,71.81%,$171477.14$171477,$272215871983721 ATLAS,1000000000000 ATLAS
577,Kineko5708KNK,$0.3073,0.04%,2.65%,19.72%,$3.68M$3675305,$27178841 KNK,11959136 KNK
578,Dogira5709DOGIRA,$0.0007978,0.53%,0.06%,0.92%,$789859.61$789860,$27163403920 DOGIRA,990056036 DOGIRA
579,dHealth5710DHP,$0.003,2.64%,10.51%,23.90%,--,$2709903092 DHP,0 DHP
580,Traders coin5801TRDC,$0.000271,0.35%,3.45%,2.48%,$55141.94$55142,$22998482793 TRDC,203451736 TRDC
581,Kally5802KALLY,$0.002518,0.47%,0.69%,22.00%,--,$2289909371 KALLY,0 KALLY
582,Swapr5803SWPR,$0.0283,0.45%,7.05%,7.31%,--,$228580735 SWPR,0 SWPR
583,Solpad Finance5804SOLPAD,$0.0001271,0.02%,1.13%,5.54%,--,$227917929776 SOLPAD,0 SOLPAD
584,Tickr5805TICKR,$0.00001866,0.47%,16.68%,43.89%,--,$2265121412210 TICKR,0 TICKR
585,Solarbeam5806SOLAR,$0.01467,0.66%,25.79%,32.77%,$210903.39$210903,$2260154023 SOLAR,14373568 SOLAR
586,XcelDefi5807XLD,$0.008521,0.02%,4.08%,10.36%,$269209.94$269210,$2254264558 XLD,31592265 XLD
587,VINU Network5808VNN,$0.031,0.01%,10.02%,6.13%,$59058.69$59059,$224372337 VNN,1905001 VNN
588,Parallel5809PAR,$1.10,0.03%,0.04%,0.31%,--,$22432041 PAR,--
589,Karma DAO5810KARMA,$0.03951,0.47%,3.71%,39.63%,--,$224056685 KARMA,0 KARMA
590,Bodrumspor Fan Token5901BDRM,$0.0165,0.04%,0.06%,8.45%,$247456.49$247456,$1803109286 BDRM,14999975 BDRM
591,Polygen5902PGEN,$0.0002806,0.12%,2.39%,0.94%,$22132.06$22132,$18006415742 PGEN,78872988 PGEN
592,Aliens Musk5903AL-MUSK,$0.000001687,0.67%,0.13%,58.67%,$16870.82$16871,$18001066925893 AL-MUSK,10000000000 AL-MUSK
593,UniWhales5904UWL,$0.3548,0.47%,1.14%,0.79%,--,$17885041 UWL,--
594,BAMBOO TOKEN5905BBO,$1.12,0.08%,1.00%,8.90%,--,$17841599 BBO,--
595,Trend X5906TRENDX,$0.04626,0.47%,4.76%,24.45%,--,$178138488 TRENDX,0 TRENDX
596,Pollen Coin5907PCN,$0.04097,0.07%,0.10%,0.07%,--,$178043434 PCN,--
597,LockTrip5908LOC,$0.6701,0.01%,0.37%,2.79%,$8.06M$8062603,$17802656 LOC,12032452 LOC
598,Maneki5909NEKO,$0.008226,0.28%,0.96%,106.79%,$246790.35$246790,$1775215795 NEKO,30000000 NEKO
599,Wrapped Syscoin5910WSYS,$0.143,0.02%,4.27%,4.90%,--,$177312396 WSYS,--
600,Bitci Racing Token6001BRACE,$0.00003852,1.22%,0.06%,2.07%,$575286.20$575286,$147038158716 BRACE,14934200477 BRACE
601,Lite USD6002LITE,$2.20,0.02%,0.90%,7.64%,$6.60M$6597392,$1469668 LITE,3000000 LITE
602,nSights DeFi Trader6003NSI,$0.000000003857,0.02%,3.50%,2.86%,$3.86M$3856674,$1466380105135864 NSI,1000000000000000 NSI
603,CyOp Protocol6004CYOP,$0.000000009611,14.96%,0.92%,19.93%,$918774.12$918774,$1465152394350874 CYOP,95600000000000 CYOP
604,Cross-Chain Bridge Token6005BRIDGE,$0.0009226,0.01%,5.89%,23.77%,$48908.97$48909,$14581580296 BRIDGE,53012841 BRIDGE
605,Shitcoin6006STC,$0.009502,0.02%,3.97%,11.65%,$182344.18$182344,$1456153249 STC,19189453 STC
606,GO!6007GO!,$0.0001308,4.06%,15.67%,11.01%,$130838.68$130839,$145511118519 GO!,1000000000 GO!
607,Keeps Coin6008KVERSE,$0.0007481,0.00%,0.77%,13.48%,--,$14541943862 KVERSE,0 KVERSE
608,Matrix6009MATRIX,$0.0009203,0.03%,51.41%,57.28%,--,$14531578372 MATRIX,--
609,Zkcult6010ZCULT,$0.001619,0.54%,1.08%,3.65%,$40476.01$40476,$1451896123 ZCULT,25000000 ZCULT
610,POTENT6101PTT,$0.001195,0.02%,1.09%,1.32%,--,$12121014192 PTT,0 PTT
611,Y5 Crypto6102Y5,$0.0011,0.02%,4.93%,9.96%,--,$12101100303 Y5,0 Y5
612,NewB.Farm6103NEWB,$3.20,0.01%,2.12%,1.36%,$122064.13$122064,$1207378 NEWB,38171 NEWB
613,Urfaspor Token6104URFA,$0.1957,2.38%,2.91%,7.75%,--,$12066163 URFA,0 URFA
614,Sherlock6105SLOCK,$0.0001928,0.48%,14.32%,69.06%,$19279.62$19280,$11966201818 SLOCK,100000000 SLOCK
615,SpritzMoon Crypto Token6106spritzmoon,$0.00002534,0.12%,0.02%,0.19%,$24.94M$24938410,$119247035982 SPRITZMOON,983999999999 spritzmoon
616,LOGOS6107LOG,$0.06401,0.00%,4.89%,42.21%,$131796.18$131796,$119218621 LOG,2058997 LOG
617,Dogens6108DOGENS,$0.2406,0.48%,3.74%,10.78%,--,$11924954 DOGENS,0 DOGENS
618,HOKK Finance6109HOKK,$0.0004614,0.48%,1.38%,3.21%,--,$11902579364 HOKK,0 HOKK
619,Phonon DAO6110PHONON,$0.0004128,27.22%,28.10%,14.58%,$2.96M$2961184,$11892879294 PHONON,7173808882 PHONON
620,Channels6201CAN,$0.000266,0.05%,1.62%,0.47%,$195415.38$195415,$9563595957 CAN,734715703 CAN
621,Artex6202ARTEX,$0.0009752,0.41%,0.21%,7.64%,$42175.33$42175,$955979346 ARTEX,43248442 ARTEX
622,Pocoland6203POCO,$0.001001,0.02%,12.12%,11.09%,--,$955954077 POCO,0 POCO
623,Garbi Protocol6204GRB,$0.4381,0.49%,5.48%,14.24%,--,$9532175 GRB,0 GRB
624,Santa Coin6205SANTA,$0.000000001017,0.02%,4.01%,2.62%,$239496.89$239497,$953936706431844 SANTA,235505773000000 SANTA
625,Social AI6206SOCIALAI,$0.0004664,0.02%,9.80%,22.19%,--,$9492035285 SOCIALAI,0 SOCIALAI
626,Historia6207HTA,$0.00308,0.40%,17.29%,2.24%,--,$949308084 HTA,0 HTA
627,Secret (ERC20)6208WSCRT,$0.6115,0.48%,4.52%,3.99%,--,$9461546 WSCRT,--
628,Aves6209AVS,$0.0157,14.21%,34.60%,38.50%,$67120.57$67121,$93459473 AVS,4274530 AVS
629,Growth DeFi6210xGRO,$0.4732,0.02%,3.91%,0.90%,--,$9331971 XGRO,0 xGRO
630,JEFE TOKEN6301JEFE,$0.0...03121,0.61%,10.05%,45.27%,--,$7622442272121268 JEFE,0 JEFE
631,Daylight Protocol6302DAYL,$0.1568,0.04%,1.09%,1.99%,--,$7624860 DAYL,--
632,TRUTH SEEKERS6303TRUTH,$0.1194,0.03%,1.19%,10.37%,$609110.74$609111,$7606359 TRUTH,5100000 TRUTH
633,Proof Of Memes6304ETH2.0,$0.0000000338,7.73%,10.10%,26.19%,$14196.76$14197,$75722402228609 ETH2.0,420000000000 ETH2.0
634,pTokens BTC6305pBTC,$6787.36,0.04%,4.06%,4.62%,--,$7530 PBTC,0 pBTC
635,MetaSetGO6306MSGO,$0.005468,0.00%,1.72%,13.98%,--,$752137448 MSGO,0 MSGO
636,Kyber Network Crystal Legacy6307KNCL,$0.6735,0.56%,1.49%,1.43%,$138.10M$138099920,$7511116 KNCL,205045092 KNCL
637,NEO6308NEO,$0.00000006527,0.48%,1.58%,44.93%,$65268.43$65268,$74511419233194 NEO,1000000000000 NEO
638,MONK6309MONK,$0.001537,0.40%,5.74%,10.83%,$594267.47$594267,$740481203 MONK,386597630 MONK
639,Rabbit Finance6310RABBIT,$0.001409,0.00%,1.95%,2.62%,--,$738523783 RABBIT,0 RABBIT
640,OEC FIL6401FILK,$5.25,0.20%,1.78%,0.73%,--,$585111 FILK,--
641,Mouse Haunt Token6402MHT,$0.006881,0.04%,40.42%,38.13%,--,$58484913 MHT,0 MHT
642,BundlesBets V26403BUND,$2.45,0.57%,1.42%,52.87%,$527234.53$527235,$583238 BUND,215000 BUND
643,DAIN6404DAIN,$0.00119,2.58%,6.22%,5.56%,--,$583489486 DAIN,0 DAIN
644,Catgirl Optimus6405OPTIG,$0.00003016,0.48%,11.01%,20.47%,--,$58119267314 OPTIG,0 OPTIG
645,Cosmic Champs6406COSG,$0.02328,0.41%,5.40%,13.49%,$814117.94$814118,$57624732 COSG,34965000 COSG
646,YUMMY6407YUMMY,$0.000002367,0.02%,1.40%,5.79%,$913666.92$913667,$576243185231 YUMMY,385925846752 YUMMY
647,Moonlana6408MOLA,$0.00003791,0.02%,3.86%,2.93%,--,$57215097938 MOLA,0 MOLA
648,Pay It Now6409PIN,$0.009297,0.02%,3.26%,2.32%,--,$57261498 PIN,0 PIN
649,USD mars6410USDm,$0.6452,0.04%,0.10%,3.99%,$18.48M$18482100,$571885 USDM,28645234 USDm
650,SOLCash6501SOLCASH,$0.0002201,0.02%,1.24%,1.70%,$44020.13$44020,$4522052292 SOLCASH,200000000 SOLCASH
651,APEmove6502APE,$0.006602,5.58%,9.54%,13.02%,--,$45168388 APE,--
652,SafeLaunch6503SFEX,$0.0407,0.02%,5.73%,8.18%,--,$45111087 SFEX,0 SFEX
653,FIT Token6504FIT,$0.004476,0.10%,3.83%,0.13%,$6713.79$6714,$448100020 FIT,1500000 FIT
654,Doge-TV6505$DGTV,$0.02145,1.89%,2.13%,24.47%,--,$44720838 $DGTV,0 $DGTV
655,BOCOIN6506BOC,$0.01042,0.02%,1.54%,6.12%,--,$44242471 BOC,0 BOC
656,Sourceless6507STR,$0.022,0.01%,4.43%,7.54%,$462.03M$462028587,$44220090 STR,21000000000 STR
657,Kirobo6508KIRO,$0.00773,0.47%,1.83%,1.00%,$2.31M$2306849,$44257175 KIRO,298421105 KIRO
658,BABYOKX6509BABYOKX,$0.0...00641,0.02%,5.55%,5.18%,$64095.82$64096,$4416885081575022 BABYOKX,1000000000000000 BABYOKX
659,Guzzler6510GZLR,$0.000005879,0.47%,1.69%,4.22%,--,$43774267158 GZLR,0 GZLR
660,Meblox Protocol6601MEB,$0.002202,0.01%,0.53%,3.59%,--,$338153732 MEB,0 MEB
661,XTblock6602XTT-B20,$0.007116,0.00%,2.48%,1.73%,$844333.45$844333,$33647197 XTT-B20,118646568 XTT-B20
662,Matrix Token6603MTIX,$0.00009201,17.93%,12.16%,83.98%,$138008.54$138009,$3343635023 MTIX,1500000000 MTIX
663,CityStates: Medieval6604CSM,$0.003347,0.02%,8.01%,0.63%,--,$33499698 CSM,0 CSM
664,Vince chain6605VCE,$0.00002024,40.23%,39.59%,84.33%,--,$33316460425 VCE,0 VCE
665,Smart Block Chain City6606SBCC,$0.3283,0.01%,3.70%,20.63%,$984.96M$984960942,$3321011 SBCC,3000000000 SBCC
666,MUSE ENT NFT6607MSCT,$0.005,0.01%,0.03%,16.00%,$4.50M$4500278,$33065961 MSCT,900000000 MSCT
667,Studyum6608STUD,$0.002687,0.02%,2.50%,4.27%,$13437.11$13437,$328121894 STUD,5000000 STUD
668,Ethereum Meta6609ETHM,$0.0...04213,0.48%,47.09%,26.57%,$7268.11$7268,$3277754213142882 ETHM,172514424439041 ETHM
669,AlgoGems6610GEMS,$0.02149,0.22%,0.36%,17.43%,--,$32515142 GEMS,0 GEMS
670,Vancat6701VANCAT,$0.0000002561,0.02%,4.60%,7.55%,--,$2611020240042 VANCAT,--
671,FANG Token6702FANG,$0.01977,0.57%,2.31%,4.38%,--,$26113212 FANG,0 FANG
672,Cydotori6703DOTR,$0.001531,0.00%,0.51%,10.16%,--,$261170370 DOTR,--
673,Wanda Exchange6704WE,$0.006026,0.04%,0.92%,1.76%,--,$26043224 WE,0 WE
674,MarX6705MARX,$0.004346,0.00%,1.24%,24.22%,--,$26059893 MARX,0 MARX
675,Swaperry6706PERRY,$0.0009524,0.04%,2.51%,2.55%,$9276.28$9276,$259272380 PERRY,9740000 PERRY
676,Sishi Finance6707SISHI,$0.001453,0.02%,19.43%,16.03%,$284.86$285,$259178531 SISHI,196107 SISHI
677,ZenithSwap6708ZSP,$0.004589,2.20%,6.65%,15.56%,$22942.82$22943,$25856206 ZSP,5000000 ZSP
678,Football INU6709FOOTBALL,$0.0...02614,0.02%,2.22%,31.04%,$248339.26$248339,$258986081593200388 FOOTBALL,950000000000000000 FOOTBALL
679,FarmerDoge6710CROP,$0.000009302,1.24%,4.26%,6.03%,--,$25727643868 CROP,0 CROP
680,random6801RND,$0.000000008721,0.57%,4.01%,11.15%,--,$20022929350323 RND,0 RND
681,Karmaverse Zombie6802SERUM,$0.002982,0.02%,1.59%,3.03%,$16636.01$16636,$19966894 SERUM,5578732 SERUM
682,Bantu6803XBN,$0.0014,0.01%,29.77%,4.78%,--,$199142293 XBN,0 XBN
683,Shambala6804BALA,$0.0...04732,0.02%,3.61%,4.86%,--,$1994209278464955 BALA,0 BALA
684,Derify Protocol6805DRF,$0.1424,0.05%,0.60%,3.05%,$128171.58$128172,$1991398 DRF,900000 DRF
685,NEMO6806NEMO,$0.09951,0.01%,0.49%,0.61%,--,$1981993 NEMO,--
686,TrustNFT6807TRUSTNFT,$0.0002073,0.01%,2.53%,3.85%,--,$198953847 TRUSTNFT,0 TRUSTNFT
687,Scrap6808SCRAP,$0.06477,0.27%,0.85%,1.69%,--,$1973036 SCRAP,--
688,Neos Credits6809NCR,$0.07399,0.05%,0.62%,0.14%,$2.92M$2917390,$1962643 NCR,39428414 NCR
689,DeltaFlare6810HONR,$0.01456,0.02%,1.10%,0.28%,$494931.13$494931,$19513391 HONR,34000000 HONR
690,FUTURECOIN6901FUTURE,$0.187,0.01%,0.03%,10.51%,--,$153816 FUTURE,0 FUTURE
691,WalletNow6902WNOW,$0.01415,0.18%,4.02%,0.47%,$55800.23$55800,$15210749 WNOW,3943830 WNOW
692,RunBlox6903RUX,$0.003677,0.07%,0.64%,8.60%,$14708.38$14708,$15241350 RUX,4000010 RUX
693,FIFA Champs6904CHAMPS,$0.00007994,0.02%,5.53%,32.67%,$23181.85$23182,$1521897685 CHAMPS,290000000 CHAMPS
694,Nobility6905NBL,$0.0000232,0.02%,3.20%,2.45%,$1.51M$1508293,$1516514688 NBL,65000000000 NBL
695,Diyarbekirspor Token6906DIYAR,$0.1027,0.54%,2.50%,0.26%,--,$1511472 DIYAR,0 DIYAR
696,StarFish OS6907SFO,$0.0007964,0.01%,0.60%,2.54%,--,$151189160 SFO,--
697,BabyApeFunClub6908BAFC,$0.0...09618,0.02%,1.12%,2.92%,--,$1511566162482926 BAFC,0 BAFC
698,RUN TOGETHER6909RUN,$0.01211,0.02%,1.04%,1.93%,--,$15012405 RUN,0 RUN
699,Avoteo6910AVO,$0.002701,0.02%,38.63%,4.38%,--,$15055503 AVO,0 AVO
700,MilkyWay7001MILKY,$0.00001023,0.02%,2.35%,3.86%,$542.78$543,$11210971227 MILKY,53071533 MILKY
701,Web3 Doge7002WEB3,$0.000000007729,3.68%,8.71%,16.17%,$38611.46$38611,$11214505094190 WEB3,4995702456903 WEB3
702,Mineable7003MNB,$0.01048,1.04%,0.11%,5.29%,$15186.31$15186,$11210698 MNB,1449744 MNB
703,Nesten7004NIT,$0.003622,0.45%,15.01%,64.75%,$242831.77$242832,$11230813 NIT,67038137 NIT
704,2023 MOON70052023MOON,$0.00000002056,15.38%,0.74%,10.77%,$3906.15$3906,$1115414164508 2023MOON,190000000000 2023MOON
705,AVATA Network7006AVAT,$0.001826,0.57%,1.29%,9.27%,$12949.66$12950,$11160693 AVAT,7092547 AVAT
706,The Everlasting Parachain7007ELP,$0.02493,0.01%,1.50%,1.42%,--,$1114443 ELP,0 ELP
707,Baby Cat Coin7008BABYCATS,$0.0...04599,0.93%,2.09%,0.55%,$45986.63$45987,$1102402799158952 BABYCATS,1000000000000000 BABYCATS
708,SafuYield Protocol7009SAFUYIELD,$0.000000001016,0.02%,0.30%,4.22%,--,$110108686110297 SAFUYIELD,0 SAFUYIELD
709,NanoMeter Bitcoin7010NMBTC,$0.00000003999,0.01%,1.50%,1.16%,$182090.38$182090,$1092733992721 NMBTC,4553105930478 NMBTC
710,Suneku7101SUNEKU,$0.0...03301,0.02%,4.17%,38.36%,$33008.26$33008,$852577463100460 SUNEKU,1000000000000000 SUNEKU
711,Fantom USD7102FUSD,$0.5913,0.21%,0.62%,3.32%,--,$85144 FUSD,0 FUSD
712,BABY DOGE INU7103$BABYDOGEINU,$0.0...05143,0.02%,5.46%,2.39%,--,$85165363330028 $BABYDOGEINU,0 $BABYDOGEINU
713,Shiba Inu Empire7104SHIBEMP,$0.0...03566,0.02%,9.35%,4.92%,$32788.37$32788,$852381217520989 SHIBEMP,919562304112338 SHIBEMP
714,DragonMaster7105TOTEM,$0.001134,0.50%,1.36%,24.80%,$3606.89$3607,$8574867 TOTEM,3180620 TOTEM
715,Alibaba tokenized stock FTX7106BABA,$75.60,0.10%,0.02%,9.24%,--,$851 BABA,--
716,Grape Finance7107GRAPE,$0.02154,0.30%,0.26%,1.15%,--,$853937 GRAPE,0 GRAPE
717,BOWL SHIBARIUM7108BOWL,$0.00005849,0.47%,1.65%,7.90%,$58491.47$58491,$841444087 BOWL,1000000000 BOWL
718,WOOP7109WOOP,$0.000583,0.15%,1.44%,2.71%,--,$84144667 WOOP,--
719,TrusterCoin7110TSC,$0.00002778,0.02%,1.16%,21.80%,--,$843012973 TSC,0 TSC
720,Chihiro Inu7201CHIRO,$0.0...06224,0.02%,119.05%,115.01%,--,$6299952510494545 CHIRO,--
721,LP Finance7202LPFI,$0.02351,1.99%,5.78%,35.91%,$35267.18$35267,$622642 LPFI,1500000 LPFI
722,GO HAYYA7203HAYYA,$0.000000004461,1.10%,22.51%,6.16%,$446.08$446,$6213881940307 HAYYA,99999999999 HAYYA
723,Ninja Squad Token7204NST,$0.0877,0.48%,4.03%,4.13%,$175403.31$175403,$62703 NST,2000001 NST
724,Wrapped Bitcoin Cash7205WBCH,$116.27,0.02%,1.03%,2.02%,--,$620.5299 WBCH,0 WBCH
725,PayAccept7206PAYT,$0.28,0.40%,161.00%,2.24%,$4.02M$4020495,$62220 PAYT,14358367 PAYT
726,Fortuneum7207FORTUNE,$0.1146,0.02%,3.32%,3.02%,$56286.40$56286,$61535 FORTUNE,491000 FORTUNE
727,The Xenobots Project7208XENO,$9131.58,0.02%,10.01%,38.05%,--,$610 XENO,--
728,Learning Cash7209EAD,$0.0...07209,153.46%,141.28%,313.78%,$0.19$0,$618469278563675 EAD,27000000000 EAD
729,The Crypto You7210MILK,$0.000001132,0.39%,1.24%,0.53%,--,$6153910549 MILK,--
730,AgriNode7301AGN,$0.0004717,0.07%,18.55%,11.86%,$203067.96$203068,$4799963 AGN,430500000 AGN
731,BSC PAYMENTS7302BSCPAY,$0.0005893,0.02%,9.64%,4.91%,$5893.22$5893,$4779896 BSCPAY,9999994 BSCPAY
732,BullDoge7303BDOGE,$0.0...00223,0.02%,3.97%,6.03%,$22295.23$22295,$472108909695527 BDOGE,1000000000000000 BDOGE
733,Millimeter7304MM,$0.0005921,0.03%,10.84%,19.85%,$55571.84$55572,$4779122 MM,93859336 MM
734,Super Floki7305SLOKI,$0.0...02397,0.02%,0.58%,15.33%,--,$4619360799188300 SLOKI,0 SLOKI
735,DogeZila Ai7306DAI,$0.0...02993,0.02%,186.47%,61.44%,$2993.15$2993,$4615497763230832 DAI,1000000000000000 DAI
736,CoinSale Token7307COINSALE,$0.00002611,0.02%,6.26%,19.90%,$13056.37$13056,$461772840 COINSALE,500000000 COINSALE
737,SafeLight7308SAFELIGHT,$0.0...00178,0.02%,0.40%,2.83%,--,$46259942008071 SAFELIGHT,0 SAFELIGHT
738,CoinGhost7309GST,$0.0005746,0.19%,1.69%,90.43%,--,$4680311 GST,--
739,MongooseCoin7310MONGOOSE,$0.00000004368,0.02%,84.35%,87.26%,$436.78$437,$461054875287 MONGOOSE,10000000000 MONGOOSE
740,ASIX+7401ASIX+,$0.0000001098,0.02%,3.17%,2.87%,$1.10M$1097848,$33299923381 ASIX+,10000000000000 ASIX+
741,DeFinity7402DEFX,$0.01111,0.04%,0.09%,9.97%,--,$332953 DEFX,0 DEFX
742,Secured MoonRat Token7403SMRAT,$0.0...08339,0.02%,3.15%,1.97%,$722930.80$722931,$3339333242780 SMRAT,866928428602056 SMRAT
743,NOSHIT7404NSH,$0.0...08303,0.02%,26.89%,16.99%,$83028.19$83028,$3339486778824321 NSH,100000000000000000 NSH
744,Flits7405FLS,$0.01184,0.42%,0.70%,1.23%,--,$332768 FLS,--
745,SwiftSwap7406SWS,$0.000594,0.02%,3.30%,2.18%,$30186.84$30187,$3254558 SWS,50816000 SWS
746,Nerian Network7407NERIAN,$0.003801,0.00%,0.02%,5.01%,$45457.70$45458,$328520 NERIAN,11960706 NERIAN
747,Alpha Petto Shells7408APES,$0.001232,0.57%,15.32%,3.36%,$486496.02$486496,$3226226 APES,395000000 APES
748,TETHEREUM7409T99,$0.00003679,0.02%,5.47%,10.17%,$367559.59$367560,$32873871 T99,9989988999 T99
749,Firework Games7410FIRE,$0.0002674,0.02%,4.28%,33.00%,$61387.27$61387,$32120039 FIRE,229563125 FIRE
750,Luna-Pad7501LUNAPAD,$0.0001,0.01%,50.02%,50.01%,$500.03$500,$23225020 LUNAPAD,5000000 LUNAPAD
751,FLUFFY TOKEN7502$FLUFFY,$0.04415,0.47%,1.35%,12.41%,$441520.97$441521,$22501 $FLUFFY,10000000 $FLUFFY
752,Dinoland7503DNL,$0.0001738,0.17%,2.98%,4.56%,--,$22126537 DNL,0 DNL
753,Libonomy7504LBY,$0.00191,0.01%,3.57%,165.25%,--,$2211486 LBY,--
754,Diamond Love7505LOVE,$0.0000019,17.40%,0.03%,19.48%,$78289.60$78290,$2211542878 LOVE,41202505346 LOVE
755,Bondly7506BOND,$0.0004879,0.02%,3.44%,4.66%,$11220.63$11221,$2244888 BOND,23000000 BOND
756,Titania Token7507TITANIA,$0.0...05575,0.02%,4.15%,2.96%,$25812.16$25812,$2238691313166003 TITANIA,46296221266291600 TITANIA
757,Cross Chain Farming7508CCF,$0.000000104,0.02%,0.53%,2.44%,--,$21206356151 CCF,0 CCF
758,Rice Wallet7509RICE,$0.00143,0.02%,2.63%,2.70%,--,$2114981 RICE,0 RICE
759,Decentralized Pictures7510FILM,$0.1047,0.01%,23.23%,5.61%,$10.48T$10478127619419,$21203 FILM,100116378040794 FILM
760,BitcoMine Token7601BME,$0.00000009017,0.02%,59.03%,39.90%,$35187.88$35188,$15169188235 BME,390253069428 BME
761,Polygon HBD7602pHBD,$0.9619,0.02%,0.41%,1.99%,$9.62M$9618703,$1516 PHBD,10000000 pHBD
762,DAOhaus7603HAUS,$2.36,7.81%,12.02%,22.11%,--,$156 HAUS,--
763,Income Island Token7604INCOME,$0.0000001364,0.02%,3.92%,2.70%,$48179.29$48179,$15111367969 INCOME,353199777809 INCOME
764,EAC7605EAC,$0.00708,0.01%,3.93%,76.40%,$2.12M$2124131,$152130 EAC,300000000 EAC
765,Lego Coin7606LEGO,$0.0164,0.01%,2.16%,4.86%,--,$15915 LEGO,0 LEGO
766,HeroPark7607HP,$0.0003396,0.02%,3.20%,8.84%,--,$1544196 HP,--
767,HOPPY7608HOP,$0.000000002233,0.02%,2.17%,3.03%,--,$156715393503 HOP,0 HOP
768,HeroesTD CGC7609CGC,$0.002348,0.02%,0.23%,0.29%,--,$156378 CGC,--
769,28VCK7610VCK,$0.0009701,0.01%,34.48%,2.03%,--,$1515401 VCK,0 VCK
770,Mac&Cheese7701XVMC,$0.0000002785,0.38%,8.01%,28.43%,$501192.93$501193,$1138713112 XVMC,1799886481762 XVMC
771,Buff Samo7702BSAMO,$0.0000005188,0.04%,5.45%,10.05%,--,$1120712772 BSAMO,0 BSAMO
772,Curve.fi gDAI/gUSDC/gUSDT7703G3CRV,$0.9598,0.39%,3.24%,2.41%,--,$1111 G3CRV,--
773,DeFiato7704DFIAT,$0.002667,0.02%,0.45%,0.04%,--,$113992 DFIAT,0 DFIAT
774,Melo Token7705MELO,$0.00000005442,0.29%,0.78%,13.25%,$1251.66$1252,$11195652379 MELO,23000000000 MELO
775,YSL.IO7706SYSL,$0.0...05075,0.02%,21.00%,59.24%,--,$1120976570927140 SYSL,--
776,Catena X7707CEX,$0.0000002071,0.02%,12.03%,18.30%,$0.41$0,$1151368658 CEX,2000000 CEX
777,Green Blue Coin7708GBC,$0.287,0.01%,37.73%,47.47%,$143486.15$143486,$1137 GBC,500000 GBC
778,Meland.ai7709MELD,$0.0001,0.02%,2.96%,18.80%,--,$11105640 MELD,0 MELD
779,MetaUFO7710METAUFO,$0.0001481,0.02%,0.36%,0.24%,$1.48M$1481161,$1171271 METAUFO,10000000000 METAUFO
780,Learning Block7801LBLOK,$0.000002902,0.02%,5.99%,65.90%,$159.63$160,$72353539 LBLOK,55000000 LBLOK
781,AvocadoCoin7802AVDO,$639.21,0.00%,2.21%,11.11%,--,$70 AVDO,--
782,UNITED EMIRATE DECENTRALIZED COIN.7803UEDC,$0.0001416,0.02%,47.88%,6.76%,$2832.49$2832,$747313 UEDC,20000000 UEDC
783,ApeXit Finance7804APEX,$0.00176,0.02%,0.88%,2.89%,--,$73793 APEX,--
784,InvestroAI7805INAI,$0.0000001728,0.02%,3.33%,56.40%,$9505.98$9506,$738622515 INAI,55000000000 INAI
785,Cry Cat Coin7806CRYY,$0.000001074,0.03%,0.88%,1.14%,--,$76214598 CRYY,--
786,Satopay Network7807STOP,$0.0000005488,0.44%,1.24%,0.40%,--,$712159239 STOP,0 STOP
787,TheSolanDAO7808SDO,$0.000001391,0.02%,0.14%,0.31%,--,$74768891 SDO,--
788,BSC Gold7809BSCGOLD,$0.00005938,0.02%,3.67%,3.65%,--,$7111619 BSCGOLD,0 BSCGOLD
789,Momo Protocol7810MOMO,$0.0002992,0.01%,32.03%,4.47%,--,$722154 MOMO,0 MOMO
790,Novatoken7901NVT,$0.001618,0.02%,2.39%,29.74%,$1.62M$1618201,$32071 NVT,1000000000 NVT
791,Soccer Galaxy7902SOG,$0.00001366,0.02%,3.09%,35.17%,$40983.33$40983,$3244320 SOG,3000000000 SOG
792,PolyPup Finance7903COLLAR,$0.001556,0.85%,1.42%,2.01%,$152.91$153,$32128 COLLAR,98267 COLLAR
793,Bmail7904BML,$0.000000006704,0.02%,3.69%,8.79%,$595.94$596,$3493186370 BML,88888888888 BML
794,Asuna Hentai7905ASUNA,$0.0...09686,0.02%,0.31%,1.85%,$38744.04$38744,$334112039830 ASUNA,400000000000000 ASUNA
795,Ovato7906OVO,$2.20,0.00%,2.25%,10.58%,--,$31 OVO,--
796,Axia Protocol7907AXIA,$0.003501,0.00%,16.64%,62.37%,--,$3915 AXIA,0 AXIA
797,Diamond Boyz Coin7908DBZ,$0.001956,0.02%,2.90%,1.77%,--,$31637 DBZ,0 DBZ
798,Fish Crypto7909FICO,$0.0001245,0.02%,4.09%,2.02%,$37360.81$37361,$325542 FICO,300000000 FICO
799,CoShi Inu7910COSHI,$0.0...04501,0.00%,18.39%,22.07%,--,$37016084695 COSHI,--
800,EQ98001EQ9,$0.00007769,0.01%,0.03%,21.45%,$29821.78$29822,$113825 EQ9,383832360 EQ9
801,Spartacus8002SPA,$32.45,0.45%,2.23%,8.69%,$7.13M$7133181,$10 SPA,219795 SPA
802,GN8003GN,$0.00000026,0.01%,0.03%,0.01%,$260016.09$260016,$13997254 GN,1000000000000 GN
803,Bounty8004BNTY,$0.00002061,0.47%,582.55%,582.55%,--,$149185 BNTY,--
804,Kross Chain LaunchPad8005KCLP,$0.000121,0.01%,0.03%,22.21%,--,$18271 KCLP,0 KCLP
805,Dionpay8006DION,$0.0000137,0.01%,0.03%,25.67%,$112209.94$112210,$173008 DION,8190000128 DION
806,Crypto Village Accelerator8007CVAG,$0.00000001,0.01%,0.03%,0.01%,$4600.28$4600,$1100010952 CVAG,460000000000 CVAG
807,Farmers Only8008FOX,$0.0163,0.01%,0.61%,9.61%,$870.76$871,$0.978960 FOX,53406 FOX
808,Film Crib8009CRI3,$0.0...04021,0.02%,0.39%,46.46%,$4020.96$4021,$0.9636239646058737 CRI3,1000000000000000 CRI3
809,Wrapped SOL8010XSOL,$21.70,0.43%,4.34%,4.68%,--,$0.95540 XSOL,0 XSOL
810,LABS Protocol8101LABS,$0.00003816,0.01%,8.29%,17.42%,--,$01000 LABS,--
811,Moonions8102MOONION,$0.00000006626,0.00%,3.31%,33.74%,$66259.31$66259,$0495722 MOONION,1000000000000 MOONION
812,Monkex8103MONKEX,$0.01578,0.12%,8.15%,11.30%,$110440.70$110441,$02 MONKEX,7000000 MONKEX
813,My Liquidity Partner8104MLP,$0.001062,0.01%,0.01%,0.03%,$1.68M$1682367,$028 MLP,1583776595 MLP
814,Bao Finance (old)8105BAO,$0.00003668,0.00%,4.44%,5.00%,$1.25M$1249647,$0782 BAO,34066471176 BAO
815,GameX8106GMX,$0.00003721,0.01%,0.01%,0.03%,--,$0736 GMX,0 GMX
816,Ravendex8107RAVE,$0.0001225,0.01%,0.01%,50.99%,$122518.85$122519,$0204 RAVE,1000000000 RAVE
817,Generous Robots DAO8108GEAR,$0.0001329,0.01%,1.82%,61.62%,--,$0183 GEAR,0 GEAR
818,JustCarbon8109JCG,$0.0004721,0.01%,5.11%,64.37%,$94422.23$94422,$048 JCG,200000000 JCG
819,Hachiko8110HACHIKO,$0.0...02288,0.00%,0.07%,8.56%,$102261.37$102261,$095973412 HACHIKO,447000000000000 HACHIKO
820,Diamond Platform Token8201DPT,$0.1375,0.00%,0.00%,0.00%,--,--,--
821,Tratok8202TRAT,$0.004665,0.45%,1.25%,0.40%,--,--,--
822,SpectreSecurityCoin8203XSPC,$0.00014,0.41%,2.26%,2.25%,--,--,--
823,Native Utility Token8204NUT,$0.28,0.41%,2.26%,0.73%,--,--,--
824,FLETA8205FLETA,$0.00063,0.01%,0.03%,0.01%,$1.26M$1260078,--,2000000000 FLETA
825,CCA8206CCA,$0.000001,0.01%,0.03%,0.01%,--,--,0 CCA
826,GLOBEX8207GEX,$0.00001829,0.45%,1.25%,0.40%,$686104.98$686105,--,37503533056 GEX
827,BitcoinRegular8208BTRL,$0.2797,0.41%,2.26%,2.25%,--,--,--
828,Opennity8209OPNN,$0.0000258,0.01%,0.03%,0.01%,--,--,--
829,Mcashchain8210MCASH,$0.05572,0.42%,2.02%,1.79%,$36.19M$36194168,--,649521937 MCASH
830,LINK/ETH RSI Ratio Trading Set8301LINKETHRSI,$524.94,0.31%,1.11%,0.48%,--,--,--
831,LINK Profit Taker Set8302LINKPT,$200.06,0.24%,1.10%,1.45%,--,--,--
832,Blockchain Exchange Alliance8303BXA,$0.00021,0.01%,0.02%,0.01%,--,--,0 BXA
833,DeFiPie8304PIE,$0.001633,0.01%,0.02%,0.01%,--,--,0 PIE
834,Jubi Token8305JT,$0.04771,2.78%,4.53%,6.09%,--,--,0 JT
835,TUNE TOKEN8306TUNE,$0.00003,0.01%,0.02%,0.01%,--,--,--
836,Cherry Token8307YT,$0.0394,0.01%,0.02%,0.01%,--,--,0 YT
837,Fashion Coin8308FSHN,$0.00000004683,0.00%,0.06%,1.14%,$46832.50$46833,--,1000000000001 FSHN
838,GLOBALTRUSTFUND TOKEN8309GTF,$0.0001007,0.36%,2.15%,2.12%,$70499.56$70500,--,700000000 GTF
839,TRONbetDice8310DICE,$0.009301,0.01%,0.02%,13.67%,$9.15M$9145210,--,983233671 DICE
840,ECO8401ECO,$0.01877,0.00%,0.02%,0.57%,--,--,--
841,SHD CASH8402SHDC,$0.00004589,0.06%,3.80%,1.06%,--,--,0 SHDC
842,Decentralized Nations8403DENA,$0.8,0.01%,0.03%,0.01%,--,--,0 DENA
843,Umbria Network8404UMBR,$0.4971,0.00%,0.25%,0.85%,--,--,0 UMBR
844,xMARK8405XMARK,$0.01039,0.28%,0.79%,0.24%,--,--,0 XMARK
845,DailySwap Token8406DAILYS,$0.00028,0.41%,2.26%,2.25%,--,--,0 DAILYS
846,Viper Protocol8407VIPER,$0.0000952,0.01%,0.41%,8.42%,$4214.30$4214,--,44269881 VIPER
847,Stater8408STR,$0.0008739,0.29%,0.80%,11.95%,$11272.70$11273,--,12900000 STR
848,Daily8409DAILY,$0.00112,0.41%,2.26%,2.25%,--,--,0 DAILY
849,ebox8410EBOX,$0.005019,0.00%,0.00%,0.00%,$149889.70$149890,--,29867203 EBOX
850,BUMooN8501BUMN,$0.0...01832,0.00%,0.00%,0.01%,$98608.68$98609,--,538240414560466 BUMN
851,NFTBlackMarket8502NBM,$0.0...02959,0.00%,1.75%,1.65%,--,--,0 NBM
852,Polylauncher8503ANGEL,$0.00321,0.00%,0.00%,0.00%,$247213.88$247214,--,77014174 ANGEL
853,StarbaseUniverse8504SUNI,$0.0...09906,1.91%,2.00%,91.39%,--,--,0 SUNI
854,Beast Token8505BEAST,$0.0000006447,0.00%,0.00%,0.00%,--,--,--
855,CWallet8506CW,$0.00168,0.36%,2.24%,2.26%,$25163.15$25163,--,14975104 CW
856,YDragon8507YDR,$0.00019,0.00%,0.04%,66.19%,$16429.14$16429,--,86472876 YDR
857,SoccerHub8508SCH,$0.0001979,0.00%,0.00%,0.00%,--,--,--
858,Nuketoken8509NUKE,$0.0...03363,0.00%,0.12%,5.88%,--,--,0 NUKE
859,Dragon Slayer8510DRS,$0.0000003334,0.00%,0.00%,0.00%,--,--,--
860,Umi Digital8601UMI,$0.000001796,0.05%,1.10%,7.19%,--,--,0 UMI
861,Derived8602DVDX,$0.0001227,0.00%,0.16%,4.46%,$28897.96$28898,--,235496515 DVDX
862,Nexus Crypto Services8603$NEXUS,$0.008647,0.00%,1.71%,1.37%,$86474.86$86475,--,10000000 $NEXUS
863,Duelist King8604DKT,$0.01227,0.00%,0.16%,34.20%,$41278.16$41278,--,3364544 DKT
864,PAPPAY8605PAPPAY,$0.00000008001,0.00%,0.02%,0.01%,$47658.33$47658,--,595637102525 PAPPAY
865,Pikachu Inu8606PIKACHU,$0.0...06401,0.00%,0.02%,0.01%,$315952.78$315953,--,493600000000000 PIKACHU
866,CocktailBar8607COC,$5.41,0.00%,0.24%,1.96%,--,--,0 COC
867,The Monopolist8608MONO,$0.00006887,0.00%,0.16%,1.52%,$2134.86$2135,--,31000000 MONO
868,Vires Finance8609VIRES,$0.5233,0.22%,6.61%,33.38%,$1.32M$1315824,--,2514329 VIRES
869,Moby Dick8610WOT,$0.000002505,0.00%,0.00%,0.00%,--,--,--
870,IC DEFI8701ICD,$0.0005001,0.01%,0.02%,16.67%,$12501.55$12502,--,25000000 ICD
871,DragonSea8702DGE,$0.0002573,0.74%,0.41%,0.05%,--,--,0 DGE
872,ZillaMatrix8703ZMAX,$0.0...00587,0.00%,0.00%,0.00%,--,--,--
873,Fren8704FREN,$0.0000000364,0.01%,0.02%,0.01%,$36404.53$36405,--,1000000000000 FREN
874,DoKEN8705DOKEN,$0.00000006995,0.00%,1.75%,6.57%,$69953.65$69954,--,1000000000000 DOKEN
875,AxieDoge8706AXSD,$0.003688,0.00%,0.00%,0.00%,--,--,0 AXSD
876,Nemesis DAO8707NMS,$4.75,0.01%,8.01%,14.27%,$91226.87$91227,--,19215 NMS
877,NPC DAO8708NPC,$0.000012,0.00%,0.00%,0.00%,--,--,0 NPC
878,FEED SYSTEM8709FEEDTK,$0.00135,0.01%,28.57%,73.59%,$540067.15$540067,--,400000000 FEEDTK
879,SwapTracker8710SWPT,$0.0000002198,0.00%,1.63%,0.89%,--,--,0 SWPT
880,Monster of God8801MONX,$0.0001582,0.00%,0.00%,1.30%,$11002.45$11002,--,69552000 MONX
881,Xpansion Game8802XPS,$0.0006412,0.00%,0.00%,0.00%,$32061.31$32061,--,50000000 XPS
882,TATA Coin8803TATA,$0.008313,0.00%,1.75%,1.58%,$74813.77$74814,--,9000000 TATA
883,NFTshootout8804SHOO,$0.0...04393,0.00%,0.12%,1.48%,--,--,0 SHOO
884,DEEPMAZE Finance8805DPZ,$0.0006034,0.00%,0.00%,0.68%,--,--,0 DPZ
885,Minereum BSC8806MNEB,$0.00278,0.00%,0.00%,4.64%,$4257.99$4258,--,1531570 MNEB
886,Kori Inu8807KORI,$0.000000151,0.01%,1.32%,32.47%,--,--,0 KORI
887,BYTZ8808BYTZ,$0.0002344,4.22%,0.34%,9.47%,$1.98M$1982027,--,8456888000 BYTZ
888,nUSD (HotBit)8809nUSD,$0.0...09996,0.34%,0.38%,0.01%,--,--,--
889,Plato Farm (PLATO)8810PLATO,$0.00008194,0.01%,122.72%,0.01%,$9013.37$9013,--,110000000 PLATO
890,Civic Power8901POWER,$0.1212,0.50%,5.56%,8.54%,--,--,--
891,VeldoraBSC8902VDORA,$0.0...00011,0.01%,0.02%,50.54%,$11001.37$11001,--,1000000000000000 VDORA
892,SuperBonds8903SB,$0.0002502,0.00%,0.00%,0.00%,$131680.15$131680,--,526252486 SB
893,DarkMatter8904DMT,$0.006123,0.00%,9.95%,21.78%,$9796.30$9796,--,1600000 DMT
894,Chain Lords8905GLORY,$0.01707,0.00%,0.00%,0.00%,--,--,0 GLORY
895,MonsterQuest8906MQST,$0.0007334,0.01%,0.02%,7.81%,$19801.56$19802,--,27000000 MQST
896,SelfBar8907SBAR,$0.2991,0.00%,0.00%,0.31%,$1.50M$1495681,--,5000000 SBAR
897,MetaPlanet8908MPL,$0.0000031,0.01%,0.02%,0.01%,$28290.83$28291,--,9124939756 MPL
898,Shinji Inu8909SHINJI,$0.0...00003,0.01%,0.01%,0.79%,--,--,--
899,CitaDAO8910KNIGHT,$0.00587,0.00%,1.12%,1.22%,$2.56M$2559501,--,436024358 KNIGHT
900,Overmoon9001OVM,$0.0...05866,0.00%,0.00%,25.24%,$22877.31$22877,--,390000000000000 OVM
901,Vanguard S&P 500 ETF Tokenized Stock Defichain9002DVOO,$172.56,0.26%,2.28%,4.78%,--,--,--
902,MetaTariff9003RIFF,$0.01,0.01%,0.03%,0.01%,--,--,0 RIFF
903,TokenBank9004TBANK,$0.0006016,0.00%,1.69%,0.49%,--,--,0 TBANK
904,Ecowatt9005EWT,$0.006201,0.01%,0.03%,0.01%,$421311.83$421312,--,67944605 EWT
905,Mooner9006MNR,$0.00262,13.17%,18.15%,12.31%,--,--,--
906,Calvex9007CLVX,$0.001,0.01%,0.03%,0.01%,--,--,0 CLVX
907,Bountie Hunter9008BOUNTIE,$0.0002047,0.00%,1.69%,0.42%,$1249.88$1250,--,6105729 BOUNTIE
908,Unitech9009UTC,$3.91,0.01%,0.03%,287.94%,$57.76B$57757760568,--,14767777728 UTC
909,forbitspace9010FBS,$0.0006111,0.00%,0.02%,0.02%,--,--,0 FBS
910,HyperOne9101HOT,$0.03125,0.13%,0.81%,0.76%,--,--,0 HOT
911,Arcade Kingdoms9102ACK,$0.0002529,0.00%,0.00%,3.08%,$25288.78$25289,--,100000000 ACK
912,HOME Coin9103HOME,$0.9027,0.00%,0.00%,1.96%,$6.24M$6241631,--,6914448 HOME
913,Kalycoin9104KLC,$0.002164,0.00%,0.00%,0.00%,--,--,0 KLC
914,Shiny Ore9105SO,$0.00001122,0.00%,0.04%,28.32%,$190.71$191,--,17000000 SO
915,VisaMetaFi9106VISA,$0.00000003277,0.00%,0.00%,6.52%,$10924.46$10924,--,333333333333 VISA
916,ToxicDeer Share9107XDSHARE,$0.3001,0.00%,0.00%,70.10%,--,--,0 XDSHARE
917,OLOID9108OLOID,$0.0004029,0.01%,21.87%,0.00%,--,--,0 OLOID
918,Dii Coin9109DIIC,$0.0002336,0.01%,0.02%,56.14%,$7709.76$7710,--,33000000 DIIC
919,Burrow9110BRRR,$0.0006355,0.41%,4.47%,6.05%,--,--,0 BRRR
920,Duck Punkz Universe Floor Index9201DPUNKZ,$0.0452,0.00%,0.57%,13.57%,--,--,0 DPUNKZ
921,ABC Floor Index9202ABC,$0.1938,0.00%,0.00%,0.00%,--,--,0 ABC
922,Stabl.fi9203CASH,$0.8282,0.00%,0.00%,14.85%,$4320.77$4321,--,5217 CASH
923,ShitGame (POOP)9204POOP,$0.00002541,0.00%,0.00%,0.63%,--,--,--
924,Risu9205RISU,$0.00004502,0.00%,0.18%,6.21%,--,--,0 RISU
925,eHive9206EHIVE,$0.0000003456,0.00%,1.14%,9.31%,$100827.72$100828,--,291715452480 EHIVE
926,Tosa Inu9207TOS,$0.0...09546,0.00%,1.14%,2.32%,--,--,--
927,Tangent9208TANG,$0.002103,1.92%,4.79%,9.24%,--,--,0 TANG
928,Tazor9209TAZOR,$1.16,0.00%,0.00%,3.93%,--,--,--
929,Takepile9210TAKE,$0.006791,0.00%,0.00%,4.90%,--,--,0 TAKE
930,PlanetCats9301CATCOIN,$0.0002719,0.00%,0.00%,2.44%,$396445.47$396445,--,1458051300 CATCOIN
931,METAL FRIENDS9302MTLS,$0.0000178,0.00%,0.00%,3.93%,$8900.56$8901,--,500000000 MTLS
932,Electronic USD9303eUSD,$0.9998,0.04%,0.04%,0.05%,$8.32M$8317072,--,8318728 eUSD
933,Soccer Crypto9304SOT,$0.0001245,0.00%,0.00%,36.51%,$9160.09$9160,--,73600000 SOT
934,Nitro Frens Army9305NFA,$0.00075,0.00%,0.00%,0.91%,$51750.46$51750,--,69000000 NFA
935,Matchcup9306MATCH,$0.0004682,0.00%,1.75%,0.95%,$23409.80$23410,--,50000000 MATCH
936,Dogepad Finance9307DPF,$0.002092,0.00%,0.00%,2.26%,--,--,0 DPF
937,GOLDEN REGENT INVESTMENT9308GRI,$0.0009034,0.01%,0.00%,0.00%,$271028.05$271028,--,300000000 GRI
938,DOLA Borrowing Right9309DBR,$0.04934,0.00%,0.00%,0.00%,$124251.07$124251,--,2518489 DBR
939,Liquid CRO9310LCRO,$0.07872,0.00%,0.00%,18.06%,$1.25M$1251147,--,15893117 LCRO
940,Binance Cartel9401BCARTEL,$0.00002981,0.01%,7.18%,102.81%,$29807.02$29807,--,1000000000 BCARTEL
941,Gem Coins Exchange9402GIVE,$0.005525,0.00%,1.49%,8.77%,$3.51M$3505341,--,634400000 GIVE
942,Gangs Rabbit9403RABBIT,$0.00003666,0.00%,1.85%,5.60%,$36659.35$36659,--,1000000000 RABBIT
943,CopyFi9404$CFI,$0.0001332,0.00%,1.83%,5.95%,$12924.87$12925,--,97000000 $CFI
944,zkLotto9405ZKLOTTO,$2.69,0.00%,0.45%,69.43%,$2.69B$2692930550,--,1000000000 ZKLOTTO
945,Doge Farm9406DOF,$0.001645,0.00%,1.11%,2.09%,--,--,0 DOF
946,Pig Inu9407PIGINU,$0.00001369,0.00%,0.04%,7.34%,$6845.44$6845,--,500000000 PIGINU
947,Yamanote-Sen9408YMNT,$0.00005752,0.00%,1.44%,4.02%,--,--,0 YMNT
948,Bubble DeFi9409BUB,$0.001099,0.00%,0.00%,3.28%,$39176.03$39176,--,35657498 BUB
949,Leverage Protocol9410LEVX,$0.01766,0.00%,0.00%,11.82%,--,--,0 LEVX
